Year,Month Name,Region Office Name,Dealer Name (Revised),Product Name,Total Sales
2024,January,ROS,ASHRAF MOTORS,ALTO,14
2024,January,ROS,ASHRAF MOTORS,SWIFT,1
2024,January,ROS,CARACHI MOTOR,ALTO,52
2024,January,ROS,CARACHI MOTOR,SWIFT,8
2024,January,ROS,CHAMPION MOTORS,ALTO,24
2024,January,ROS,CHAMPION MOTORS,SWIFT,7
2024,January,ROS,CSD,ALTO,2
2024,January,ROS,DANISH MOTORS,ALTO,38
2024,January,ROS,DANISH MOTORS,SWIFT,4
2024,January,ROS,DEFENCE MOTORS,ALTO,45
2024,January,ROS,DEFENCE MOTORS,SWIFT,8
2024,January,ROS,GM MOTORS,ALTO,30
2024,January,ROS,GM MOTORS,SWIFT,2
2024,January,ROS,GWADAR MOTORS,ALTO,7
2024,January,ROS,GWADAR MOTORS,SWIFT,2
2024,January,ROS,HIGHWAY MOTORS,ALTO,16
2024,January,ROS,HIGHWAY MOTORS,SWIFT,6
2024,January,ROS,HUB MOTORS,ALTO,7
2024,January,ROS,HUB MOTORS,SWIFT,1
2024,January,ROS,I.G. MOTORS,ALTO,32
2024,January,ROS,I.G. MOTORS,SWIFT,8
2024,January,ROS,INTERNATIONAL MOTORS,ALTO,15
2024,January,ROS,INTERNATIONAL MOTORS,SWIFT,2
2024,January,ROS,ITTEHAD MOTORS,ALTO,16
2024,January,ROS,ITTEHAD MOTORS,SWIFT,3
2024,January,ROS,JACOBABAD MOTORS,ALTO,37
2024,January,ROS,JACOBABAD MOTORS,SWIFT,7
2024,January,ROS,JINNAH AVENUE MOTORS,ALTO,30
2024,January,ROS,JINNAH AVENUE MOTORS,SWIFT,4
2024,January,ROS,KASHMORE MOTORS,ALTO,10
2024,January,ROS,KHALIL MOTORS,ALTO,11
2024,January,ROS,KHALIL MOTORS,SWIFT,2
2024,January,ROS,LARKANA MOTORS,ALTO,19
2024,January,ROS,LARKANA MOTORS,SWIFT,8
2024,January,ROS,MALIR CANTT MOTORS,ALTO,18
2024,January,ROS,MALIR CANTT MOTORS,SWIFT,4
2024,January,ROS,MANDVIWALLA MOTORS,ALTO,36
2024,January,ROS,MANDVIWALLA MOTORS,SWIFT,12
2024,January,ROS,MARGALLA MOTORS,ALTO,39
2024,January,ROS,MARGALLA MOTORS,SWIFT,4
2024,January,ROS,MEHRAN MOTORS,ALTO,37
2024,January,ROS,MEHRAN MOTORS,SWIFT,16
2024,January,ROS,MORO MOTORS,ALTO,35
2024,January,ROS,MORO MOTORS,SWIFT,5
2024,January,ROS,NASEER AUTOS,ALTO,57
2024,January,ROS,NASEER AUTOS,SWIFT,10
2024,January,ROS,NAWABSHAH MOTORS,ALTO,25
2024,January,ROS,NAWABSHAH MOTORS,SWIFT,4
2024,January,ROS,PQM MOTORS,ALTO,20
2024,January,ROS,PQM MOTORS,SWIFT,3
2024,January,ROS,QUETTA MOTORS,ALTO,5
2024,January,ROS,RIAZ MOTORS,ALTO,36
2024,January,ROS,RIAZ MOTORS,SWIFT,2
2024,January,ROS,SANGHAR MOTORS,ALTO,10
2024,January,ROS,SANGHAR MOTORS,SWIFT,1
2024,January,ROS,SNA MOTORS,ALTO,11
2024,January,ROS,SNA MOTORS,SWIFT,4
2024,January,ROS,SUKKUR MOTORS,ALTO,17
2024,January,ROS,SUKKUR MOTORS,SWIFT,1
2024,January,ROS,SUZUKI MOTORWAYS,ALTO,30
2024,January,ROS,SUZUKI MOTORWAYS,SWIFT,16
2024,January,ROS,SUZUKI SOUTH,ALTO,49
2024,January,ROS,SUZUKI SOUTH,SWIFT,12
2024,January,ROS,TANDO ALLAH YAR MOTORS,ALTO,21
2024,January,ROS,TANDO ALLAH YAR MOTORS,SWIFT,7
2024,January,ROS,THARPARKAR MOTORS,ALTO,26
2024,January,ROS,THARPARKAR MOTORS,SWIFT,16
2024,January,ROS,ZEESHAN AUTOS,ALTO,24
2024,January,ROS,ZEESHAN AUTOS,SWIFT,4
2024,February,ROS,ASHRAF MOTORS,ALTO,12
2024,February,ROS,CARACHI MOTOR,ALTO,42
2024,February,ROS,CARACHI MOTOR,SWIFT,15
2024,February,ROS,CHAMPION MOTORS,ALTO,35
2024,February,ROS,CHAMPION MOTORS,SWIFT,10
2024,February,ROS,DANISH MOTORS,ALTO,69
2024,February,ROS,DANISH MOTORS,SWIFT,15
2024,February,ROS,DEFENCE MOTORS,ALTO,45
2024,February,ROS,DEFENCE MOTORS,SWIFT,9
2024,February,ROS,GM MOTORS,ALTO,33
2024,February,ROS,GM MOTORS,SWIFT,2
2024,February,ROS,GWADAR MOTORS,ALTO,7
2024,February,ROS,GWADAR MOTORS,SWIFT,1
2024,February,ROS,HIGHWAY MOTORS,ALTO,24
2024,February,ROS,HIGHWAY MOTORS,SWIFT,4
2024,February,ROS,HUB MOTORS,ALTO,30
2024,February,ROS,HUB MOTORS,SWIFT,5
2024,February,ROS,I.G. MOTORS,ALTO,41
2024,February,ROS,I.G. MOTORS,SWIFT,15
2024,February,ROS,INTERNATIONAL MOTORS,ALTO,19
2024,February,ROS,INTERNATIONAL MOTORS,SWIFT,1
2024,February,ROS,ITTEHAD MOTORS,ALTO,22
2024,February,ROS,ITTEHAD MOTORS,SWIFT,5
2024,February,ROS,JACOBABAD MOTORS,ALTO,33
2024,February,ROS,JACOBABAD MOTORS,SWIFT,7
2024,February,ROS,JINNAH AVENUE MOTORS,ALTO,31
2024,February,ROS,JINNAH AVENUE MOTORS,SWIFT,8
2024,February,ROS,KASHMORE MOTORS,ALTO,10
2024,February,ROS,KHALIL MOTORS,ALTO,14
2024,February,ROS,KHALIL MOTORS,SWIFT,4
2024,February,ROS,LARKANA MOTORS,ALTO,30
2024,February,ROS,LARKANA MOTORS,SWIFT,5
2024,February,ROS,MALIR CANTT MOTORS,ALTO,24
2024,February,ROS,MALIR CANTT MOTORS,SWIFT,5
2024,February,ROS,MANDVIWALLA MOTORS,ALTO,49
2024,February,ROS,MANDVIWALLA MOTORS,SWIFT,13
2024,February,ROS,MARGALLA MOTORS,ALTO,43
2024,February,ROS,MARGALLA MOTORS,SWIFT,16
2024,February,ROS,MEHRAN MOTORS,ALTO,32
2024,February,ROS,MEHRAN MOTORS,SWIFT,15
2024,February,ROS,MORO MOTORS,ALTO,28
2024,February,ROS,MORO MOTORS,SWIFT,9
2024,February,ROS,NASEER AUTOS,ALTO,44
2024,February,ROS,NASEER AUTOS,SWIFT,12
2024,February,ROS,NAWABSHAH MOTORS,ALTO,30
2024,February,ROS,NAWABSHAH MOTORS,SWIFT,4
2024,February,ROS,PQM MOTORS,ALTO,29
2024,February,ROS,PQM MOTORS,SWIFT,8
2024,February,ROS,QUETTA MOTORS,ALTO,6
2024,February,ROS,RIAZ MOTORS,ALTO,22
2024,February,ROS,RIAZ MOTORS,SWIFT,12
2024,February,ROS,SANGHAR MOTORS,ALTO,16
2024,February,ROS,SNA MOTORS,ALTO,19
2024,February,ROS,SNA MOTORS,SWIFT,4
2024,February,ROS,SUKKUR MOTORS,ALTO,24
2024,February,ROS,SUZUKI MOTORWAYS,ALTO,28
2024,February,ROS,SUZUKI MOTORWAYS,SWIFT,22
2024,February,ROS,SUZUKI SOUTH,ALTO,46
2024,February,ROS,SUZUKI SOUTH,SWIFT,17
2024,February,ROS,TANDO ALLAH YAR MOTORS,ALTO,24
2024,February,ROS,TANDO ALLAH YAR MOTORS,SWIFT,11
2024,February,ROS,THARPARKAR MOTORS,ALTO,22
2024,February,ROS,THARPARKAR MOTORS,SWIFT,21
2024,February,ROS,ZEESHAN AUTOS,ALTO,30
2024,February,ROS,ZEESHAN AUTOS,SWIFT,10
2024,March,ROS,ASHRAF MOTORS,ALTO,11
2024,March,ROS,CARACHI MOTOR,ALTO,51
2024,March,ROS,CARACHI MOTOR,SWIFT,2
2024,March,ROS,CHAMPION MOTORS,ALTO,28
2024,March,ROS,CSD,ALTO,2
2024,March,ROS,DANISH MOTORS,ALTO,51
2024,March,ROS,DANISH MOTORS,SWIFT,8
2024,March,ROS,DEFENCE MOTORS,ALTO,43
2024,March,ROS,DEFENCE MOTORS,SWIFT,4
2024,March,ROS,GM MOTORS,ALTO,29
2024,March,ROS,GWADAR MOTORS,ALTO,4
2024,March,ROS,HIGHWAY MOTORS,ALTO,21
2024,March,ROS,HIGHWAY MOTORS,SWIFT,1
2024,March,ROS,HUB MOTORS,ALTO,18
2024,March,ROS,I.G. MOTORS,ALTO,33
2024,March,ROS,I.G. MOTORS,SWIFT,1
2024,March,ROS,INTERNATIONAL MOTORS,ALTO,24
2024,March,ROS,ITTEHAD MOTORS,ALTO,26
2024,March,ROS,ITTEHAD MOTORS,SWIFT,1
2024,March,ROS,JACOBABAD MOTORS,ALTO,32
2024,March,ROS,JACOBABAD MOTORS,SWIFT,1
2024,March,ROS,JINNAH AVENUE MOTORS,ALTO,20
2024,March,ROS,KASHMORE MOTORS,ALTO,8
2024,March,ROS,KHALIL MOTORS,ALTO,12
2024,March,ROS,KHALIL MOTORS,SWIFT,3
2024,March,ROS,LARKANA MOTORS,ALTO,21
2024,March,ROS,MALIR CANTT MOTORS,ALTO,15
2024,March,ROS,MANDVIWALLA MOTORS,ALTO,31
2024,March,ROS,MANDVIWALLA MOTORS,SWIFT,3
2024,March,ROS,MARGALLA MOTORS,ALTO,47
2024,March,ROS,MARGALLA MOTORS,SWIFT,1
2024,March,ROS,MEHRAN MOTORS,ALTO,43
2024,March,ROS,MEHRAN MOTORS,SWIFT,2
2024,March,ROS,MORO MOTORS,ALTO,27
2024,March,ROS,MORO MOTORS,SWIFT,1
2024,March,ROS,NASEER AUTOS,ALTO,44
2024,March,ROS,NASEER AUTOS,SWIFT,9
2024,March,ROS,NAWABSHAH MOTORS,ALTO,27
2024,March,ROS,NAWABSHAH MOTORS,SWIFT,0
2024,March,ROS,PQM MOTORS,ALTO,29
2024,March,ROS,RIAZ MOTORS,ALTO,34
2024,March,ROS,SANGHAR MOTORS,ALTO,12
2024,March,ROS,SNA MOTORS,ALTO,8
2024,March,ROS,SUKKUR MOTORS,ALTO,17
2024,March,ROS,SUZUKI MOTORWAYS,ALTO,35
2024,March,ROS,SUZUKI MOTORWAYS,SWIFT,7
2024,March,ROS,SUZUKI SOUTH,ALTO,38
2024,March,ROS,SUZUKI SOUTH,SWIFT,10
2024,March,ROS,TANDO ALLAH YAR MOTORS,ALTO,25
2024,March,ROS,TANDO ALLAH YAR MOTORS,SWIFT,2
2024,March,ROS,THARPARKAR MOTORS,ALTO,17
2024,March,ROS,THARPARKAR MOTORS,SWIFT,3
2024,March,ROS,ZEESHAN AUTOS,ALTO,26
2024,March,ROS,ZEESHAN AUTOS,SWIFT,1
2024,April,ROS,ASHRAF MOTORS,ALTO,13
2024,April,ROS,CARACHI MOTOR,ALTO,58
2024,April,ROS,CARACHI MOTOR,SWIFT,13
2024,April,ROS,CHAMPION MOTORS,ALTO,57
2024,April,ROS,CHAMPION MOTORS,SWIFT,2
2024,April,ROS,CSD,ALTO,2
2024,April,ROS,CSD,SWIFT,1
2024,April,ROS,DANISH MOTORS,ALTO,74
2024,April,ROS,DANISH MOTORS,SWIFT,8
2024,April,ROS,DEFENCE MOTORS,ALTO,66
2024,April,ROS,DEFENCE MOTORS,SWIFT,8
2024,April,ROS,GM MOTORS,ALTO,47
2024,April,ROS,GM MOTORS,SWIFT,1
2024,April,ROS,GWADAR MOTORS,ALTO,15
2024,April,ROS,HIGHWAY MOTORS,ALTO,30
2024,April,ROS,HIGHWAY MOTORS,SWIFT,3
2024,April,ROS,HUB MOTORS,ALTO,32
2024,April,ROS,HUB MOTORS,SWIFT,1
2024,April,ROS,I.G. MOTORS,ALTO,55
2024,April,ROS,I.G. MOTORS,SWIFT,7
2024,April,ROS,INTERNATIONAL MOTORS,ALTO,26
2024,April,ROS,INTERNATIONAL MOTORS,SWIFT,1
2024,April,ROS,ITTEHAD MOTORS,ALTO,30
2024,April,ROS,JACOBABAD MOTORS,ALTO,56
2024,April,ROS,JACOBABAD MOTORS,SWIFT,3
2024,April,ROS,JINNAH AVENUE MOTORS,ALTO,53
2024,April,ROS,JINNAH AVENUE MOTORS,SWIFT,3
2024,April,ROS,KASHMORE MOTORS,ALTO,17
2024,April,ROS,KHALIL MOTORS,ALTO,35
2024,April,ROS,KHALIL MOTORS,SWIFT,1
2024,April,ROS,LARKANA MOTORS,ALTO,31
2024,April,ROS,LARKANA MOTORS,SWIFT,3
2024,April,ROS,MALIR CANTT MOTORS,ALTO,39
2024,April,ROS,MALIR CANTT MOTORS,SWIFT,7
2024,April,ROS,MANDVIWALLA MOTORS,ALTO,48
2024,April,ROS,MANDVIWALLA MOTORS,SWIFT,2
2024,April,ROS,MARGALLA MOTORS,ALTO,79
2024,April,ROS,MARGALLA MOTORS,SWIFT,6
2024,April,ROS,MEHRAN MOTORS,ALTO,85
2024,April,ROS,MEHRAN MOTORS,SWIFT,7
2024,April,ROS,MORO MOTORS,ALTO,59
2024,April,ROS,MORO MOTORS,SWIFT,10
2024,April,ROS,NASEER AUTOS,ALTO,91
2024,April,ROS,NASEER AUTOS,SWIFT,5
2024,April,ROS,NAWABSHAH MOTORS,ALTO,42
2024,April,ROS,NAWABSHAH MOTORS,SWIFT,2
2024,April,ROS,PQM MOTORS,ALTO,38
2024,April,ROS,PQM MOTORS,SWIFT,2
2024,April,ROS,QUETTA MOTORS,ALTO,4
2024,April,ROS,QUETTA MOTORS,SWIFT,1
2024,April,ROS,RIAZ MOTORS,ALTO,32
2024,April,ROS,RIAZ MOTORS,SWIFT,3
2024,April,ROS,SANGHAR MOTORS,ALTO,21
2024,April,ROS,SNA MOTORS,ALTO,34
2024,April,ROS,SNA MOTORS,SWIFT,3
2024,April,ROS,SUKKUR MOTORS,ALTO,29
2024,April,ROS,SUKKUR MOTORS,SWIFT,1
2024,April,ROS,SUZUKI MOTORWAYS,ALTO,65
2024,April,ROS,SUZUKI MOTORWAYS,SWIFT,11
2024,April,ROS,SUZUKI SOUTH,ALTO,59
2024,April,ROS,SUZUKI SOUTH,SWIFT,10
2024,April,ROS,TANDO ALLAH YAR MOTORS,ALTO,41
2024,April,ROS,TANDO ALLAH YAR MOTORS,SWIFT,4
2024,April,ROS,THARPARKAR MOTORS,ALTO,30
2024,April,ROS,THARPARKAR MOTORS,SWIFT,8
2024,April,ROS,ZEESHAN AUTOS,ALTO,41
2024,April,ROS,ZEESHAN AUTOS,SWIFT,7
2024,May,ROS,ASHRAF MOTORS,ALTO,17
2024,May,ROS,ASHRAF MOTORS,SWIFT,2
2024,May,ROS,CARACHI MOTOR,ALTO,74
2024,May,ROS,CARACHI MOTOR,SWIFT,13
2024,May,ROS,CHAMPION MOTORS,ALTO,33
2024,May,ROS,CHAMPION MOTORS,SWIFT,15
2024,May,ROS,CSD,ALTO,3
2024,May,ROS,DANISH MOTORS,ALTO,74
2024,May,ROS,DANISH MOTORS,SWIFT,11
2024,May,ROS,DEFENCE MOTORS,ALTO,55
2024,May,ROS,DEFENCE MOTORS,SWIFT,9
2024,May,ROS,GM MOTORS,ALTO,28
2024,May,ROS,GM MOTORS,SWIFT,5
2024,May,ROS,GWADAR MOTORS,ALTO,10
2024,May,ROS,GWADAR MOTORS,SWIFT,4
2024,May,ROS,HIGHWAY MOTORS,ALTO,31
2024,May,ROS,HIGHWAY MOTORS,SWIFT,4
2024,May,ROS,HUB MOTORS,ALTO,29
2024,May,ROS,HUB MOTORS,SWIFT,5
2024,May,ROS,I.G. MOTORS,ALTO,65
2024,May,ROS,I.G. MOTORS,SWIFT,10
2024,May,ROS,INTERNATIONAL MOTORS,ALTO,25
2024,May,ROS,INTERNATIONAL MOTORS,SWIFT,4
2024,May,ROS,ITTEHAD MOTORS,ALTO,22
2024,May,ROS,ITTEHAD MOTORS,SWIFT,7
2024,May,ROS,JACOBABAD MOTORS,ALTO,34
2024,May,ROS,JACOBABAD MOTORS,SWIFT,9
2024,May,ROS,JINNAH AVENUE MOTORS,ALTO,41
2024,May,ROS,JINNAH AVENUE MOTORS,SWIFT,9
2024,May,ROS,KASHMORE MOTORS,ALTO,13
2024,May,ROS,KHALIL MOTORS,ALTO,16
2024,May,ROS,KHALIL MOTORS,SWIFT,6
2024,May,ROS,LARKANA MOTORS,ALTO,24
2024,May,ROS,LARKANA MOTORS,SWIFT,5
2024,May,ROS,MALIR CANTT MOTORS,ALTO,25
2024,May,ROS,MALIR CANTT MOTORS,SWIFT,5
2024,May,ROS,MANDVIWALLA MOTORS,ALTO,55
2024,May,ROS,MANDVIWALLA MOTORS,SWIFT,17
2024,May,ROS,MARGALLA MOTORS,ALTO,98
2024,May,ROS,MARGALLA MOTORS,SWIFT,15
2024,May,ROS,MEHRAN MOTORS,ALTO,41
2024,May,ROS,MEHRAN MOTORS,SWIFT,10
2024,May,ROS,MORO MOTORS,ALTO,34
2024,May,ROS,MORO MOTORS,SWIFT,9
2024,May,ROS,NASEER AUTOS,ALTO,66
2024,May,ROS,NASEER AUTOS,SWIFT,11
2024,May,ROS,NAWABSHAH MOTORS,ALTO,31
2024,May,ROS,NAWABSHAH MOTORS,SWIFT,4
2024,May,ROS,PQM MOTORS,ALTO,34
2024,May,ROS,PQM MOTORS,SWIFT,6
2024,May,ROS,QUETTA MOTORS,ALTO,1
2024,May,ROS,RIAZ MOTORS,ALTO,35
2024,May,ROS,RIAZ MOTORS,SWIFT,11
2024,May,ROS,SANGHAR MOTORS,ALTO,29
2024,May,ROS,SANGHAR MOTORS,SWIFT,5
2024,May,ROS,SNA MOTORS,ALTO,23
2024,May,ROS,SNA MOTORS,SWIFT,6
2024,May,ROS,SUKKUR MOTORS,ALTO,25
2024,May,ROS,SUZUKI MOTORWAYS,ALTO,45
2024,May,ROS,SUZUKI MOTORWAYS,SWIFT,13
2024,May,ROS,SUZUKI SOUTH,ALTO,57
2024,May,ROS,SUZUKI SOUTH,SWIFT,14
2024,May,ROS,TANDO ALLAH YAR MOTORS,ALTO,40
2024,May,ROS,TANDO ALLAH YAR MOTORS,SWIFT,11
2024,May,ROS,THARPARKAR MOTORS,ALTO,27
2024,May,ROS,THARPARKAR MOTORS,SWIFT,7
2024,May,ROS,ZEESHAN AUTOS,ALTO,39
2024,May,ROS,ZEESHAN AUTOS,SWIFT,8
2024,June,ROS,ASHRAF MOTORS,ALTO,14
2024,June,ROS,ASHRAF MOTORS,SWIFT,1
2024,June,ROS,CARACHI MOTOR,ALTO,63
2024,June,ROS,CARACHI MOTOR,SWIFT,33
2024,June,ROS,CHAMPION MOTORS,ALTO,50
2024,June,ROS,CHAMPION MOTORS,SWIFT,17
2024,June,ROS,CSD,ALTO,3
2024,June,ROS,DANISH MOTORS,ALTO,58
2024,June,ROS,DANISH MOTORS,SWIFT,46
2024,June,ROS,DEFENCE MOTORS,ALTO,64
2024,June,ROS,DEFENCE MOTORS,SWIFT,23
2024,June,ROS,GM MOTORS,ALTO,35
2024,June,ROS,GM MOTORS,SWIFT,1
2024,June,ROS,GWADAR MOTORS,ALTO,9
2024,June,ROS,HIGHWAY MOTORS,ALTO,37
2024,June,ROS,HIGHWAY MOTORS,SWIFT,11
2024,June,ROS,HUB MOTORS,ALTO,31
2024,June,ROS,HUB MOTORS,SWIFT,4
2024,June,ROS,I.G. MOTORS,ALTO,69
2024,June,ROS,I.G. MOTORS,SWIFT,12
2024,June,ROS,INTERNATIONAL MOTORS,ALTO,24
2024,June,ROS,INTERNATIONAL MOTORS,SWIFT,4
2024,June,ROS,ITTEHAD MOTORS,ALTO,32
2024,June,ROS,ITTEHAD MOTORS,SWIFT,6
2024,June,ROS,JACOBABAD MOTORS,ALTO,44
2024,June,ROS,JACOBABAD MOTORS,SWIFT,5
2024,June,ROS,JINNAH AVENUE MOTORS,ALTO,37
2024,June,ROS,JINNAH AVENUE MOTORS,SWIFT,17
2024,June,ROS,KASHMORE MOTORS,ALTO,2
2024,June,ROS,KASHMORE MOTORS,SWIFT,1
2024,June,ROS,KHALIL MOTORS,ALTO,24
2024,June,ROS,KHALIL MOTORS,SWIFT,11
2024,June,ROS,LARKANA MOTORS,ALTO,14
2024,June,ROS,LARKANA MOTORS,SWIFT,10
2024,June,ROS,MALIR CANTT MOTORS,ALTO,30
2024,June,ROS,MALIR CANTT MOTORS,SWIFT,11
2024,June,ROS,MANDVIWALLA MOTORS,ALTO,51
2024,June,ROS,MANDVIWALLA MOTORS,SWIFT,23
2024,June,ROS,MARGALLA MOTORS,ALTO,83
2024,June,ROS,MARGALLA MOTORS,SWIFT,44
2024,June,ROS,MEHRAN MOTORS,ALTO,36
2024,June,ROS,MEHRAN MOTORS,SWIFT,19
2024,June,ROS,MORO MOTORS,ALTO,40
2024,June,ROS,MORO MOTORS,SWIFT,9
2024,June,ROS,NASEER AUTOS,ALTO,86
2024,June,ROS,NASEER AUTOS,SWIFT,30
2024,June,ROS,NAWABSHAH MOTORS,ALTO,25
2024,June,ROS,NAWABSHAH MOTORS,SWIFT,5
2024,June,ROS,PQM MOTORS,ALTO,48
2024,June,ROS,PQM MOTORS,SWIFT,16
2024,June,ROS,QUETTA MOTORS,ALTO,1
2024,June,ROS,RIAZ MOTORS,ALTO,50
2024,June,ROS,RIAZ MOTORS,SWIFT,9
2024,June,ROS,SANGHAR MOTORS,ALTO,17
2024,June,ROS,SANGHAR MOTORS,SWIFT,2
2024,June,ROS,SNA MOTORS,ALTO,19
2024,June,ROS,SNA MOTORS,SWIFT,8
2024,June,ROS,SUKKUR MOTORS,ALTO,29
2024,June,ROS,SUKKUR MOTORS,SWIFT,6
2024,June,ROS,SUZUKI MOTORWAYS,ALTO,68
2024,June,ROS,SUZUKI MOTORWAYS,SWIFT,19
2024,June,ROS,SUZUKI SOUTH,ALTO,101
2024,June,ROS,SUZUKI SOUTH,SWIFT,40
2024,June,ROS,TANDO ALLAH YAR MOTORS,ALTO,26
2024,June,ROS,TANDO ALLAH YAR MOTORS,SWIFT,9
2024,June,ROS,THARPARKAR MOTORS,ALTO,29
2024,June,ROS,THARPARKAR MOTORS,SWIFT,19
2024,June,ROS,ZEESHAN AUTOS,ALTO,43
2024,June,ROS,ZEESHAN AUTOS,SWIFT,16
2024,July,ROS,ASHRAF MOTORS,ALTO,8
2024,July,ROS,CARACHI MOTOR,ALTO,35
2024,July,ROS,CARACHI MOTOR,SWIFT,13
2024,July,ROS,CHAMPION MOTORS,ALTO,46
2024,July,ROS,CHAMPION MOTORS,SWIFT,24
2024,July,ROS,CSD,ALTO,1
2024,July,ROS,DANISH MOTORS,ALTO,39
2024,July,ROS,DANISH MOTORS,SWIFT,11
2024,July,ROS,DEFENCE MOTORS,ALTO,27
2024,July,ROS,DEFENCE MOTORS,SWIFT,7
2024,July,ROS,GM MOTORS,ALTO,18
2024,July,ROS,GM MOTORS,SWIFT,1
2024,July,ROS,GWADAR MOTORS,ALTO,3
2024,July,ROS,HIGHWAY MOTORS,ALTO,14
2024,July,ROS,HIGHWAY MOTORS,SWIFT,3
2024,July,ROS,I.G. MOTORS,ALTO,43
2024,July,ROS,I.G. MOTORS,SWIFT,19
2024,July,ROS,INTERNATIONAL MOTORS,ALTO,24
2024,July,ROS,ITTEHAD MOTORS,ALTO,19
2024,July,ROS,ITTEHAD MOTORS,SWIFT,4
2024,July,ROS,JACOBABAD MOTORS,ALTO,30
2024,July,ROS,JACOBABAD MOTORS,SWIFT,1
2024,July,ROS,JINNAH AVENUE MOTORS,ALTO,29
2024,July,ROS,JINNAH AVENUE MOTORS,SWIFT,12
2024,July,ROS,KASHMORE MOTORS,ALTO,9
2024,July,ROS,KHALIL MOTORS,ALTO,25
2024,July,ROS,KHALIL MOTORS,SWIFT,3
2024,July,ROS,LARKANA MOTORS,ALTO,23
2024,July,ROS,LARKANA MOTORS,SWIFT,2
2024,July,ROS,MALIR CANTT MOTORS,ALTO,19
2024,July,ROS,MALIR CANTT MOTORS,SWIFT,3
2024,July,ROS,MANDVIWALLA MOTORS,ALTO,27
2024,July,ROS,MANDVIWALLA MOTORS,SWIFT,11
2024,July,ROS,MARGALLA MOTORS,ALTO,61
2024,July,ROS,MARGALLA MOTORS,SWIFT,15
2024,July,ROS,MEHRAN MOTORS,ALTO,48
2024,July,ROS,MEHRAN MOTORS,SWIFT,20
2024,July,ROS,MORO MOTORS,ALTO,25
2024,July,ROS,MORO MOTORS,SWIFT,8
2024,July,ROS,NASEER AUTOS,ALTO,18
2024,July,ROS,NASEER AUTOS,SWIFT,4
2024,July,ROS,NAWABSHAH MOTORS,ALTO,21
2024,July,ROS,NAWABSHAH MOTORS,SWIFT,2
2024,July,ROS,PQM MOTORS,ALTO,20
2024,July,ROS,PQM MOTORS,SWIFT,4
2024,July,ROS,QUETTA MOTORS,ALTO,1
2024,July,ROS,RIAZ MOTORS,ALTO,23
2024,July,ROS,RIAZ MOTORS,SWIFT,4
2024,July,ROS,SANGHAR MOTORS,ALTO,6
2024,July,ROS,SNA MOTORS,ALTO,34
2024,July,ROS,SNA MOTORS,SWIFT,1
2024,July,ROS,SUKKUR MOTORS,ALTO,22
2024,July,ROS,SUKKUR MOTORS,SWIFT,4
2024,July,ROS,SUZUKI MOTORWAYS,ALTO,34
2024,July,ROS,SUZUKI MOTORWAYS,SWIFT,15
2024,July,ROS,SUZUKI SOUTH,ALTO,41
2024,July,ROS,SUZUKI SOUTH,SWIFT,9
2024,July,ROS,TANDO ALLAH YAR MOTORS,ALTO,11
2024,July,ROS,TANDO ALLAH YAR MOTORS,SWIFT,5
2024,July,ROS,THARPARKAR MOTORS,ALTO,19
2024,July,ROS,THARPARKAR MOTORS,SWIFT,5
2024,July,ROS,ZEESHAN AUTOS,ALTO,31
2024,July,ROS,ZEESHAN AUTOS,SWIFT,4
2024,August,ROS,ASHRAF MOTORS,ALTO,12
2024,August,ROS,ASHRAF MOTORS,SWIFT,3
2024,August,ROS,CARACHI MOTOR,ALTO,37
2024,August,ROS,CARACHI MOTOR,SWIFT,10
2024,August,ROS,CHAMPION MOTORS,ALTO,42
2024,August,ROS,CHAMPION MOTORS,SWIFT,3
2024,August,ROS,CSD,ALTO,1
2024,August,ROS,CSD,SWIFT,1
2024,August,ROS,DANISH MOTORS,ALTO,40
2024,August,ROS,DANISH MOTORS,SWIFT,9
2024,August,ROS,DEFENCE MOTORS,ALTO,31
2024,August,ROS,DEFENCE MOTORS,SWIFT,7
2024,August,ROS,GM MOTORS,ALTO,16
2024,August,ROS,GM MOTORS,SWIFT,1
2024,August,ROS,GWADAR MOTORS,ALTO,7
2024,August,ROS,GWADAR MOTORS,SWIFT,1
2024,August,ROS,HIGHWAY MOTORS,ALTO,14
2024,August,ROS,HIGHWAY MOTORS,SWIFT,3
2024,August,ROS,I.G. MOTORS,ALTO,27
2024,August,ROS,I.G. MOTORS,SWIFT,7
2024,August,ROS,INTERNATIONAL MOTORS,ALTO,22
2024,August,ROS,INTERNATIONAL MOTORS,SWIFT,5
2024,August,ROS,ITTEHAD MOTORS,ALTO,26
2024,August,ROS,ITTEHAD MOTORS,SWIFT,3
2024,August,ROS,JACOBABAD MOTORS,ALTO,9
2024,August,ROS,JACOBABAD MOTORS,SWIFT,3
2024,August,ROS,JINNAH AVENUE MOTORS,ALTO,19
2024,August,ROS,JINNAH AVENUE MOTORS,SWIFT,1
2024,August,ROS,KASHMORE MOTORS,ALTO,5
2024,August,ROS,KHALIL MOTORS,ALTO,26
2024,August,ROS,KHALIL MOTORS,SWIFT,1
2024,August,ROS,LARKANA MOTORS,ALTO,11
2024,August,ROS,LARKANA MOTORS,SWIFT,4
2024,August,ROS,MALIR CANTT MOTORS,ALTO,20
2024,August,ROS,MALIR CANTT MOTORS,SWIFT,3
2024,August,ROS,MANDVIWALLA MOTORS,ALTO,28
2024,August,ROS,MANDVIWALLA MOTORS,SWIFT,9
2024,August,ROS,MARGALLA MOTORS,ALTO,38
2024,August,ROS,MARGALLA MOTORS,SWIFT,8
2024,August,ROS,MEHRAN MOTORS,ALTO,25
2024,August,ROS,MEHRAN MOTORS,SWIFT,6
2024,August,ROS,MORO MOTORS,ALTO,22
2024,August,ROS,MORO MOTORS,SWIFT,2
2024,August,ROS,NASEER AUTOS,ALTO,38
2024,August,ROS,NASEER AUTOS,SWIFT,11
2024,August,ROS,NAWABSHAH MOTORS,ALTO,9
2024,August,ROS,NAWABSHAH MOTORS,SWIFT,5
2024,August,ROS,PQM MOTORS,ALTO,27
2024,August,ROS,PQM MOTORS,SWIFT,3
2024,August,ROS,RIAZ MOTORS,ALTO,25
2024,August,ROS,RIAZ MOTORS,SWIFT,10
2024,August,ROS,SANGHAR MOTORS,ALTO,8
2024,August,ROS,SANGHAR MOTORS,SWIFT,1
2024,August,ROS,SNA MOTORS,ALTO,17
2024,August,ROS,SNA MOTORS,SWIFT,1
2024,August,ROS,SUKKUR MOTORS,ALTO,8
2024,August,ROS,SUKKUR MOTORS,SWIFT,5
2024,August,ROS,SUZUKI MOTORWAYS,ALTO,30
2024,August,ROS,SUZUKI MOTORWAYS,SWIFT,8
2024,August,ROS,SUZUKI SOUTH,ALTO,30
2024,August,ROS,SUZUKI SOUTH,SWIFT,16
2024,August,ROS,TANDO ALLAH YAR MOTORS,ALTO,11
2024,August,ROS,TANDO ALLAH YAR MOTORS,SWIFT,2
2024,August,ROS,THARPARKAR MOTORS,ALTO,12
2024,August,ROS,THARPARKAR MOTORS,SWIFT,7
2024,August,ROS,ZEESHAN AUTOS,ALTO,22
2024,August,ROS,ZEESHAN AUTOS,SWIFT,11
2024,September,ROS,ASHRAF MOTORS,ALTO,10
2024,September,ROS,ASHRAF MOTORS,SWIFT,1
2024,September,ROS,CARACHI MOTOR,ALTO,51
2024,September,ROS,CARACHI MOTOR,SWIFT,20
2024,September,ROS,CHAMPION MOTORS,ALTO,28
2024,September,ROS,CHAMPION MOTORS,SWIFT,8
2024,September,ROS,CSD,ALTO,3
2024,September,ROS,DANISH MOTORS,ALTO,49
2024,September,ROS,DANISH MOTORS,SWIFT,18
2024,September,ROS,DEFENCE MOTORS,ALTO,46
2024,September,ROS,DEFENCE MOTORS,SWIFT,11
2024,September,ROS,GM MOTORS,ALTO,30
2024,September,ROS,GM MOTORS,SWIFT,4
2024,September,ROS,GWADAR MOTORS,ALTO,7
2024,September,ROS,HIGHWAY MOTORS,ALTO,15
2024,September,ROS,HIGHWAY MOTORS,SWIFT,4
2024,September,ROS,HUB MOTORS,ALTO,6
2024,September,ROS,HUB MOTORS,SWIFT,5
2024,September,ROS,I.G. MOTORS,ALTO,36
2024,September,ROS,I.G. MOTORS,SWIFT,8
2024,September,ROS,INTERNATIONAL MOTORS,ALTO,12
2024,September,ROS,INTERNATIONAL MOTORS,SWIFT,5
2024,September,ROS,ITTEHAD MOTORS,ALTO,30
2024,September,ROS,ITTEHAD MOTORS,SWIFT,3
2024,September,ROS,JACOBABAD MOTORS,ALTO,32
2024,September,ROS,JACOBABAD MOTORS,SWIFT,4
2024,September,ROS,JINNAH AVENUE MOTORS,ALTO,31
2024,September,ROS,JINNAH AVENUE MOTORS,SWIFT,11
2024,September,ROS,KASHMORE MOTORS,ALTO,4
2024,September,ROS,KHALIL MOTORS,ALTO,12
2024,September,ROS,KHALIL MOTORS,SWIFT,5
2024,September,ROS,LARKANA MOTORS,ALTO,15
2024,September,ROS,LARKANA MOTORS,SWIFT,6
2024,September,ROS,MALIR CANTT MOTORS,ALTO,29
2024,September,ROS,MALIR CANTT MOTORS,SWIFT,7
2024,September,ROS,MANDVIWALLA MOTORS,ALTO,41
2024,September,ROS,MANDVIWALLA MOTORS,SWIFT,14
2024,September,ROS,MARGALLA MOTORS,ALTO,49
2024,September,ROS,MARGALLA MOTORS,SWIFT,16
2024,September,ROS,MEHRAN MOTORS,ALTO,49
2024,September,ROS,MEHRAN MOTORS,SWIFT,21
2024,September,ROS,MORO MOTORS,ALTO,24
2024,September,ROS,MORO MOTORS,SWIFT,4
2024,September,ROS,NASEER AUTOS,ALTO,70
2024,September,ROS,NASEER AUTOS,SWIFT,10
2024,September,ROS,NAWABSHAH MOTORS,ALTO,24
2024,September,ROS,NAWABSHAH MOTORS,SWIFT,4
2024,September,ROS,PQM MOTORS,ALTO,17
2024,September,ROS,PQM MOTORS,SWIFT,7
2024,September,ROS,RIAZ MOTORS,ALTO,16
2024,September,ROS,RIAZ MOTORS,SWIFT,5
2024,September,ROS,SANGHAR MOTORS,ALTO,5
2024,September,ROS,SANGHAR MOTORS,SWIFT,2
2024,September,ROS,SNA MOTORS,ALTO,19
2024,September,ROS,SNA MOTORS,SWIFT,3
2024,September,ROS,SUKKUR MOTORS,ALTO,25
2024,September,ROS,SUKKUR MOTORS,SWIFT,3
2024,September,ROS,SUZUKI MOTORWAYS,ALTO,42
2024,September,ROS,SUZUKI MOTORWAYS,SWIFT,8
2024,September,ROS,SUZUKI SOUTH,ALTO,48
2024,September,ROS,SUZUKI SOUTH,SWIFT,15
2024,September,ROS,TANDO ALLAH YAR MOTORS,ALTO,16
2024,September,ROS,TANDO ALLAH YAR MOTORS,SWIFT,3
2024,September,ROS,THARPARKAR MOTORS,ALTO,22
2024,September,ROS,THARPARKAR MOTORS,SWIFT,8
2024,September,ROS,ZEESHAN AUTOS,ALTO,31
2024,September,ROS,ZEESHAN AUTOS,SWIFT,10
2024,October,ROS,ASHRAF MOTORS,ALTO,11
2024,October,ROS,ASHRAF MOTORS,SWIFT,1
2024,October,ROS,CARACHI MOTOR,ALTO,84
2024,October,ROS,CARACHI MOTOR,SWIFT,3
2024,October,ROS,CHAMPION MOTORS,ALTO,76
2024,October,ROS,CHAMPION MOTORS,SWIFT,6
2024,October,ROS,CSD,ALTO,7
2024,October,ROS,DANISH MOTORS,ALTO,73
2024,October,ROS,DANISH MOTORS,SWIFT,5
2024,October,ROS,DEFENCE MOTORS,ALTO,81
2024,October,ROS,DEFENCE MOTORS,SWIFT,2
2024,October,ROS,GM MOTORS,ALTO,33
2024,October,ROS,GM MOTORS,SWIFT,2
2024,October,ROS,GWADAR MOTORS,ALTO,10
2024,October,ROS,HIGHWAY MOTORS,ALTO,32
2024,October,ROS,HIGHWAY MOTORS,SWIFT,2
2024,October,ROS,HUB MOTORS,ALTO,10
2024,October,ROS,HUB MOTORS,SWIFT,2
2024,October,ROS,I.G. MOTORS,ALTO,79
2024,October,ROS,I.G. MOTORS,SWIFT,7
2024,October,ROS,INTERNATIONAL MOTORS,ALTO,40
2024,October,ROS,INTERNATIONAL MOTORS,SWIFT,1
2024,October,ROS,ITTEHAD MOTORS,ALTO,37
2024,October,ROS,ITTEHAD MOTORS,SWIFT,6
2024,October,ROS,JACOBABAD MOTORS,ALTO,40
2024,October,ROS,JACOBABAD MOTORS,SWIFT,1
2024,October,ROS,JINNAH AVENUE MOTORS,ALTO,43
2024,October,ROS,JINNAH AVENUE MOTORS,SWIFT,3
2024,October,ROS,KASHMORE MOTORS,ALTO,7
2024,October,ROS,KHALIL MOTORS,ALTO,43
2024,October,ROS,KHALIL MOTORS,SWIFT,4
2024,October,ROS,LARKANA MOTORS,ALTO,27
2024,October,ROS,LARKANA MOTORS,SWIFT,2
2024,October,ROS,MALIR CANTT MOTORS,ALTO,35
2024,October,ROS,MALIR CANTT MOTORS,SWIFT,2
2024,October,ROS,MANDVIWALLA MOTORS,ALTO,72
2024,October,ROS,MANDVIWALLA MOTORS,SWIFT,3
2024,October,ROS,MARGALLA MOTORS,ALTO,76
2024,October,ROS,MARGALLA MOTORS,SWIFT,13
2024,October,ROS,MEHRAN MOTORS,ALTO,65
2024,October,ROS,MEHRAN MOTORS,SWIFT,14
2024,October,ROS,MORO MOTORS,ALTO,46
2024,October,ROS,MORO MOTORS,SWIFT,3
2024,October,ROS,NASEER AUTOS,ALTO,101
2024,October,ROS,NASEER AUTOS,SWIFT,4
2024,October,ROS,NAWABSHAH MOTORS,ALTO,31
2024,October,ROS,NAWABSHAH MOTORS,SWIFT,1
2024,October,ROS,PQM MOTORS,ALTO,35
2024,October,ROS,PQM MOTORS,SWIFT,1
2024,October,ROS,RIAZ MOTORS,ALTO,53
2024,October,ROS,RIAZ MOTORS,SWIFT,4
2024,October,ROS,SANGHAR MOTORS,ALTO,11
2024,October,ROS,SANGHAR MOTORS,SWIFT,1
2024,October,ROS,SNA MOTORS,ALTO,29
2024,October,ROS,SNA MOTORS,SWIFT,2
2024,October,ROS,SUKKUR MOTORS,ALTO,37
2024,October,ROS,SUZUKI MOTORWAYS,ALTO,61
2024,October,ROS,SUZUKI MOTORWAYS,SWIFT,8
2024,October,ROS,SUZUKI SOUTH,ALTO,92
2024,October,ROS,SUZUKI SOUTH,SWIFT,7
2024,October,ROS,TANDO ALLAH YAR MOTORS,ALTO,14
2024,October,ROS,TANDO ALLAH YAR MOTORS,SWIFT,2
2024,October,ROS,THARPARKAR MOTORS,ALTO,34
2024,October,ROS,THARPARKAR MOTORS,SWIFT,5
2024,October,ROS,ZEESHAN AUTOS,ALTO,48
2024,October,ROS,ZEESHAN AUTOS,SWIFT,5
2024,November,ROS,ASHRAF MOTORS,ALTO,12
2024,November,ROS,CARACHI MOTOR,ALTO,48
2024,November,ROS,CARACHI MOTOR,SWIFT,28
2024,November,ROS,CHAMPION MOTORS,ALTO,40
2024,November,ROS,CHAMPION MOTORS,SWIFT,25
2024,November,ROS,CSD,ALTO,5
2024,November,ROS,CSD,SWIFT,1
2024,November,ROS,DANISH MOTORS,ALTO,38
2024,November,ROS,DANISH MOTORS,SWIFT,31
2024,November,ROS,DEFENCE MOTORS,ALTO,45
2024,November,ROS,DEFENCE MOTORS,SWIFT,31
2024,November,ROS,GM MOTORS,ALTO,11
2024,November,ROS,GM MOTORS,SWIFT,3
2024,November,ROS,GWADAR MOTORS,ALTO,6
2024,November,ROS,HIGHWAY MOTORS,ALTO,13
2024,November,ROS,HIGHWAY MOTORS,SWIFT,9
2024,November,ROS,HUB MOTORS,ALTO,23
2024,November,ROS,HUB MOTORS,SWIFT,18
2024,November,ROS,I.G. MOTORS,ALTO,42
2024,November,ROS,I.G. MOTORS,SWIFT,20
2024,November,ROS,INTERNATIONAL MOTORS,ALTO,20
2024,November,ROS,INTERNATIONAL MOTORS,SWIFT,7
2024,November,ROS,ITTEHAD MOTORS,ALTO,26
2024,November,ROS,ITTEHAD MOTORS,SWIFT,6
2024,November,ROS,JACOBABAD MOTORS,ALTO,25
2024,November,ROS,JACOBABAD MOTORS,SWIFT,9
2024,November,ROS,JINNAH AVENUE MOTORS,ALTO,36
2024,November,ROS,JINNAH AVENUE MOTORS,SWIFT,16
2024,November,ROS,KASHMORE MOTORS,ALTO,8
2024,November,ROS,KASHMORE MOTORS,SWIFT,1
2024,November,ROS,KHALIL MOTORS,ALTO,24
2024,November,ROS,KHALIL MOTORS,SWIFT,3
2024,November,ROS,LARKANA MOTORS,ALTO,17
2024,November,ROS,LARKANA MOTORS,SWIFT,12
2024,November,ROS,MALIR CANTT MOTORS,ALTO,22
2024,November,ROS,MALIR CANTT MOTORS,SWIFT,5
2024,November,ROS,MANDVIWALLA MOTORS,ALTO,39
2024,November,ROS,MANDVIWALLA MOTORS,SWIFT,12
2024,November,ROS,MARGALLA MOTORS,ALTO,55
2024,November,ROS,MARGALLA MOTORS,SWIFT,27
2024,November,ROS,MEHRAN MOTORS,ALTO,28
2024,November,ROS,MEHRAN MOTORS,SWIFT,41
2024,November,ROS,MORO MOTORS,ALTO,21
2024,November,ROS,MORO MOTORS,SWIFT,9
2024,November,ROS,NASEER AUTOS,ALTO,44
2024,November,ROS,NASEER AUTOS,SWIFT,13
2024,November,ROS,NAWABSHAH MOTORS,ALTO,20
2024,November,ROS,NAWABSHAH MOTORS,SWIFT,8
2024,November,ROS,PQM MOTORS,ALTO,30
2024,November,ROS,PQM MOTORS,SWIFT,5
2024,November,ROS,RIAZ MOTORS,ALTO,23
2024,November,ROS,RIAZ MOTORS,SWIFT,11
2024,November,ROS,SANGHAR MOTORS,ALTO,3
2024,November,ROS,SANGHAR MOTORS,SWIFT,2
2024,November,ROS,SNA MOTORS,ALTO,25
2024,November,ROS,SNA MOTORS,SWIFT,14
2024,November,ROS,SUKKUR MOTORS,ALTO,19
2024,November,ROS,SUKKUR MOTORS,SWIFT,8
2024,November,ROS,SUZUKI MOTORWAYS,ALTO,31
2024,November,ROS,SUZUKI MOTORWAYS,SWIFT,18
2024,November,ROS,SUZUKI SOUTH,ALTO,47
2024,November,ROS,SUZUKI SOUTH,SWIFT,18
2024,November,ROS,TANDO ALLAH YAR MOTORS,ALTO,12
2024,November,ROS,TANDO ALLAH YAR MOTORS,SWIFT,5
2024,November,ROS,THARPARKAR MOTORS,ALTO,31
2024,November,ROS,THARPARKAR MOTORS,SWIFT,12
2024,November,ROS,ZEESHAN AUTOS,ALTO,20
2024,November,ROS,ZEESHAN AUTOS,SWIFT,14
2024,December,ROS,ASHRAF MOTORS,ALTO,16
2024,December,ROS,ASHRAF MOTORS,SWIFT,1
2024,December,ROS,CARACHI MOTOR,ALTO,52
2024,December,ROS,CARACHI MOTOR,SWIFT,16
2024,December,ROS,CHAMPION MOTORS,ALTO,50
2024,December,ROS,CHAMPION MOTORS,SWIFT,11
2024,December,ROS,CSD,ALTO,18
2024,December,ROS,CSD,SWIFT,4
2024,December,ROS,DANISH MOTORS,ALTO,56
2024,December,ROS,DANISH MOTORS,SWIFT,17
2024,December,ROS,DEFENCE MOTORS,ALTO,57
2024,December,ROS,DEFENCE MOTORS,SWIFT,15
2024,December,ROS,GM MOTORS,ALTO,18
2024,December,ROS,GWADAR MOTORS,ALTO,8
2024,December,ROS,HIGHWAY MOTORS,ALTO,20
2024,December,ROS,HIGHWAY MOTORS,SWIFT,4
2024,December,ROS,HUB MOTORS,ALTO,31
2024,December,ROS,HUB MOTORS,SWIFT,2
2024,December,ROS,I.G. MOTORS,ALTO,49
2024,December,ROS,I.G. MOTORS,SWIFT,18
2024,December,ROS,INTERNATIONAL MOTORS,ALTO,23
2024,December,ROS,INTERNATIONAL MOTORS,SWIFT,1
2024,December,ROS,ITTEHAD MOTORS,ALTO,39
2024,December,ROS,ITTEHAD MOTORS,SWIFT,4
2024,December,ROS,JACOBABAD MOTORS,ALTO,30
2024,December,ROS,JACOBABAD MOTORS,SWIFT,4
2024,December,ROS,JINNAH AVENUE MOTORS,ALTO,28
2024,December,ROS,JINNAH AVENUE MOTORS,SWIFT,4
2024,December,ROS,KASHMORE MOTORS,ALTO,7
2024,December,ROS,KASHMORE MOTORS,SWIFT,1
2024,December,ROS,KHALIL MOTORS,ALTO,36
2024,December,ROS,KHALIL MOTORS,SWIFT,1
2024,December,ROS,LARKANA MOTORS,ALTO,24
2024,December,ROS,LARKANA MOTORS,SWIFT,4
2024,December,ROS,MALIR CANTT MOTORS,ALTO,29
2024,December,ROS,MALIR CANTT MOTORS,SWIFT,6
2024,December,ROS,MANDVIWALLA MOTORS,ALTO,44
2024,December,ROS,MANDVIWALLA MOTORS,SWIFT,14
2024,December,ROS,MARGALLA MOTORS,ALTO,42
2024,December,ROS,MARGALLA MOTORS,SWIFT,15
2024,December,ROS,MEHRAN MOTORS,ALTO,34
2024,December,ROS,MEHRAN MOTORS,SWIFT,18
2024,December,ROS,MORO MOTORS,ALTO,41
2024,December,ROS,MORO MOTORS,SWIFT,3
2024,December,ROS,NASEER AUTOS,ALTO,83
2024,December,ROS,NASEER AUTOS,SWIFT,10
2024,December,ROS,NAWABSHAH MOTORS,ALTO,26
2024,December,ROS,NAWABSHAH MOTORS,SWIFT,2
2024,December,ROS,PQM MOTORS,ALTO,39
2024,December,ROS,PQM MOTORS,SWIFT,6
2024,December,ROS,RIAZ MOTORS,ALTO,25
2024,December,ROS,RIAZ MOTORS,SWIFT,5
2024,December,ROS,SANGHAR MOTORS,ALTO,9
2024,December,ROS,SANGHAR MOTORS,SWIFT,3
2024,December,ROS,SNA MOTORS,ALTO,19
2024,December,ROS,SNA MOTORS,SWIFT,10
2024,December,ROS,SUKKUR MOTORS,ALTO,24
2024,December,ROS,SUKKUR MOTORS,SWIFT,8
2024,December,ROS,SUZUKI MOTORWAYS,ALTO,44
2024,December,ROS,SUZUKI MOTORWAYS,SWIFT,14
2024,December,ROS,SUZUKI SOUTH,ALTO,34
2024,December,ROS,SUZUKI SOUTH,SWIFT,12
2024,December,ROS,TANDO ALLAH YAR MOTORS,ALTO,19
2024,December,ROS,TANDO ALLAH YAR MOTORS,SWIFT,6
2024,December,ROS,THARPARKAR MOTORS,ALTO,48
2024,December,ROS,THARPARKAR MOTORS,SWIFT,13
2024,December,ROS,ZEESHAN AUTOS,ALTO,35
2024,December,ROS,ZEESHAN AUTOS,SWIFT,4
2025,January,ROS,ASHRAF MOTORS,ALTO,16
2025,January,ROS,ASHRAF MOTORS,SWIFT,1
2025,January,ROS,CARACHI MOTOR,ALTO,61
2025,January,ROS,CARACHI MOTOR,SWIFT,23
2025,January,ROS,CHAMPION MOTORS,ALTO,69
2025,January,ROS,CHAMPION MOTORS,SWIFT,21
2025,January,ROS,CSD,ALTO,19
2025,January,ROS,CSD,SWIFT,3
2025,January,ROS,DANISH MOTORS,ALTO,62
2025,January,ROS,DANISH MOTORS,SWIFT,28
2025,January,ROS,DEFENCE MOTORS,ALTO,58
2025,January,ROS,DEFENCE MOTORS,SWIFT,18
2025,January,ROS,GM MOTORS,ALTO,35
2025,January,ROS,GM MOTORS,SWIFT,2
2025,January,ROS,GWADAR MOTORS,ALTO,7
2025,January,ROS,HIGHWAY MOTORS,ALTO,35
2025,January,ROS,HIGHWAY MOTORS,SWIFT,4
2025,January,ROS,HUB MOTORS,ALTO,62
2025,January,ROS,HUB MOTORS,SWIFT,9
2025,January,ROS,I.G. MOTORS,ALTO,65
2025,January,ROS,I.G. MOTORS,SWIFT,24
2025,January,ROS,INTERNATIONAL MOTORS,ALTO,40
2025,January,ROS,INTERNATIONAL MOTORS,SWIFT,42
2025,January,ROS,ITTEHAD MOTORS,ALTO,48
2025,January,ROS,ITTEHAD MOTORS,SWIFT,6
2025,January,ROS,JACOBABAD MOTORS,ALTO,42
2025,January,ROS,JACOBABAD MOTORS,SWIFT,3
2025,January,ROS,JINNAH AVENUE MOTORS,ALTO,53
2025,January,ROS,JINNAH AVENUE MOTORS,SWIFT,20
2025,January,ROS,KASHMORE MOTORS,ALTO,12
2025,January,ROS,KHALIL MOTORS,ALTO,35
2025,January,ROS,KHALIL MOTORS,SWIFT,8
2025,January,ROS,LARKANA MOTORS,ALTO,27
2025,January,ROS,LARKANA MOTORS,SWIFT,4
2025,January,ROS,MALIR CANTT MOTORS,ALTO,31
2025,January,ROS,MALIR CANTT MOTORS,SWIFT,4
2025,January,ROS,MANDVIWALLA MOTORS,ALTO,43
2025,January,ROS,MANDVIWALLA MOTORS,SWIFT,10
2025,January,ROS,MARGALLA MOTORS,ALTO,80
2025,January,ROS,MARGALLA MOTORS,SWIFT,18
2025,January,ROS,MEHRAN MOTORS,ALTO,79
2025,January,ROS,MEHRAN MOTORS,SWIFT,34
2025,January,ROS,MORO MOTORS,ALTO,44
2025,January,ROS,MORO MOTORS,SWIFT,8
2025,January,ROS,NASEER AUTOS,ALTO,93
2025,January,ROS,NASEER AUTOS,SWIFT,19
2025,January,ROS,NAWABSHAH MOTORS,ALTO,27
2025,January,ROS,NAWABSHAH MOTORS,SWIFT,2
2025,January,ROS,PQM MOTORS,ALTO,38
2025,January,ROS,PQM MOTORS,SWIFT,1
2025,January,ROS,RIAZ MOTORS,ALTO,39
2025,January,ROS,RIAZ MOTORS,SWIFT,9
2025,January,ROS,SANGHAR MOTORS,ALTO,12
2025,January,ROS,SANGHAR MOTORS,SWIFT,4
2025,January,ROS,SNA MOTORS,ALTO,47
2025,January,ROS,SNA MOTORS,SWIFT,5
2025,January,ROS,SUKKUR MOTORS,ALTO,28
2025,January,ROS,SUKKUR MOTORS,SWIFT,2
2025,January,ROS,SUZUKI MOTORWAYS,ALTO,51
2025,January,ROS,SUZUKI MOTORWAYS,SWIFT,20
2025,January,ROS,SUZUKI SOUTH,ALTO,82
2025,January,ROS,SUZUKI SOUTH,SWIFT,22
2025,January,ROS,TANDO ALLAH YAR MOTORS,ALTO,23
2025,January,ROS,TANDO ALLAH YAR MOTORS,SWIFT,6
2025,January,ROS,THARPARKAR MOTORS,ALTO,59
2025,January,ROS,THARPARKAR MOTORS,SWIFT,16
2025,January,ROS,ZEESHAN AUTOS,ALTO,49
2025,January,ROS,ZEESHAN AUTOS,SWIFT,5
2025,February,ROS,ASHRAF MOTORS,ALTO,17
2025,February,ROS,CARACHI MOTOR,ALTO,60
2025,February,ROS,CARACHI MOTOR,SWIFT,11
2025,February,ROS,CHAMPION MOTORS,ALTO,56
2025,February,ROS,CHAMPION MOTORS,SWIFT,4
2025,February,ROS,CSD,ALTO,13
2025,February,ROS,CSD,SWIFT,2
2025,February,ROS,DANISH MOTORS,ALTO,68
2025,February,ROS,DANISH MOTORS,SWIFT,11
2025,February,ROS,DEFENCE MOTORS,ALTO,43
2025,February,ROS,DEFENCE MOTORS,SWIFT,9
2025,February,ROS,GM MOTORS,ALTO,18
2025,February,ROS,GM MOTORS,SWIFT,4
2025,February,ROS,GWADAR MOTORS,ALTO,11
2025,February,ROS,HIGHWAY MOTORS,ALTO,21
2025,February,ROS,HIGHWAY MOTORS,SWIFT,7
2025,February,ROS,HUB MOTORS,ALTO,30
2025,February,ROS,HUB MOTORS,SWIFT,10
2025,February,ROS,I.G. MOTORS,ALTO,63
2025,February,ROS,I.G. MOTORS,SWIFT,18
2025,February,ROS,INTERNATIONAL MOTORS,ALTO,20
2025,February,ROS,ITTEHAD MOTORS,ALTO,27
2025,February,ROS,ITTEHAD MOTORS,SWIFT,1
2025,February,ROS,JACOBABAD MOTORS,ALTO,24
2025,February,ROS,JACOBABAD MOTORS,SWIFT,4
2025,February,ROS,JINNAH AVENUE MOTORS,ALTO,44
2025,February,ROS,JINNAH AVENUE MOTORS,SWIFT,14
2025,February,ROS,KASHMORE MOTORS,ALTO,6
2025,February,ROS,KHALIL MOTORS,ALTO,35
2025,February,ROS,KHALIL MOTORS,SWIFT,3
2025,February,ROS,LARKANA MOTORS,ALTO,24
2025,February,ROS,LARKANA MOTORS,SWIFT,4
2025,February,ROS,MALIR CANTT MOTORS,ALTO,29
2025,February,ROS,MALIR CANTT MOTORS,SWIFT,8
2025,February,ROS,MANDVIWALLA MOTORS,ALTO,51
2025,February,ROS,MANDVIWALLA MOTORS,SWIFT,16
2025,February,ROS,MARGALLA MOTORS,ALTO,70
2025,February,ROS,MARGALLA MOTORS,SWIFT,21
2025,February,ROS,MEHRAN MOTORS,ALTO,52
2025,February,ROS,MEHRAN MOTORS,SWIFT,15
2025,February,ROS,MORO MOTORS,ALTO,17
2025,February,ROS,MORO MOTORS,SWIFT,5
2025,February,ROS,NASEER AUTOS,ALTO,50
2025,February,ROS,NASEER AUTOS,SWIFT,4
2025,February,ROS,NAWABSHAH MOTORS,ALTO,24
2025,February,ROS,NAWABSHAH MOTORS,SWIFT,3
2025,February,ROS,PQM MOTORS,ALTO,27
2025,February,ROS,PQM MOTORS,SWIFT,6
2025,February,ROS,RIAZ MOTORS,ALTO,45
2025,February,ROS,RIAZ MOTORS,SWIFT,9
2025,February,ROS,SANGHAR MOTORS,ALTO,7
2025,February,ROS,SANGHAR MOTORS,SWIFT,3
2025,February,ROS,SNA MOTORS,ALTO,39
2025,February,ROS,SNA MOTORS,SWIFT,6
2025,February,ROS,SUKKUR MOTORS,ALTO,21
2025,February,ROS,SUKKUR MOTORS,SWIFT,4
2025,February,ROS,SUZUKI MOTORWAYS,ALTO,49
2025,February,ROS,SUZUKI MOTORWAYS,SWIFT,34
2025,February,ROS,SUZUKI SOUTH,ALTO,37
2025,February,ROS,SUZUKI SOUTH,SWIFT,14
2025,February,ROS,TANDO ALLAH YAR MOTORS,ALTO,20
2025,February,ROS,TANDO ALLAH YAR MOTORS,SWIFT,12
2025,February,ROS,THARPARKAR MOTORS,ALTO,19
2025,February,ROS,THARPARKAR MOTORS,SWIFT,11
2025,February,ROS,ZEESHAN AUTOS,ALTO,39
2025,February,ROS,ZEESHAN AUTOS,SWIFT,12
2025,March,ROS,ASHRAF MOTORS,ALTO,6
2025,March,ROS,ASHRAF MOTORS,SWIFT,1
2025,March,ROS,CARACHI MOTOR,ALTO,48
2025,March,ROS,CARACHI MOTOR,SWIFT,21
2025,March,ROS,CHAMPION MOTORS,ALTO,53
2025,March,ROS,CHAMPION MOTORS,SWIFT,7
2025,March,ROS,CSD,ALTO,19
2025,March,ROS,CSD,SWIFT,1
2025,March,ROS,DANISH MOTORS,ALTO,47
2025,March,ROS,DANISH MOTORS,SWIFT,14
2025,March,ROS,DEFENCE MOTORS,ALTO,46
2025,March,ROS,DEFENCE MOTORS,SWIFT,15
2025,March,ROS,GM MOTORS,ALTO,14
2025,March,ROS,GM MOTORS,SWIFT,2
2025,March,ROS,GWADAR MOTORS,ALTO,2
2025,March,ROS,HIGHWAY MOTORS,ALTO,17
2025,March,ROS,HIGHWAY MOTORS,SWIFT,4
2025,March,ROS,HUB MOTORS,ALTO,30
2025,March,ROS,HUB MOTORS,SWIFT,6
2025,March,ROS,I.G. MOTORS,ALTO,64
2025,March,ROS,I.G. MOTORS,SWIFT,13
2025,March,ROS,INTERNATIONAL MOTORS,ALTO,28
2025,March,ROS,INTERNATIONAL MOTORS,SWIFT,3
2025,March,ROS,ITTEHAD MOTORS,ALTO,31
2025,March,ROS,ITTEHAD MOTORS,SWIFT,3
2025,March,ROS,JACOBABAD MOTORS,ALTO,25
2025,March,ROS,JACOBABAD MOTORS,SWIFT,5
2025,March,ROS,JINNAH AVENUE MOTORS,ALTO,28
2025,March,ROS,JINNAH AVENUE MOTORS,SWIFT,8
2025,March,ROS,KASHMORE MOTORS,ALTO,6
2025,March,ROS,KASHMORE MOTORS,SWIFT,1
2025,March,ROS,KHALIL MOTORS,ALTO,34
2025,March,ROS,KHALIL MOTORS,SWIFT,2
2025,March,ROS,LARKANA MOTORS,ALTO,32
2025,March,ROS,LARKANA MOTORS,SWIFT,9
2025,March,ROS,MALIR CANTT MOTORS,ALTO,18
2025,March,ROS,MALIR CANTT MOTORS,SWIFT,3
2025,March,ROS,MANDVIWALLA MOTORS,ALTO,53
2025,March,ROS,MANDVIWALLA MOTORS,SWIFT,14
2025,March,ROS,MARGALLA MOTORS,ALTO,80
2025,March,ROS,MARGALLA MOTORS,SWIFT,15
2025,March,ROS,MEHRAN MOTORS,ALTO,32
2025,March,ROS,MEHRAN MOTORS,SWIFT,4
2025,March,ROS,MORO MOTORS,ALTO,26
2025,March,ROS,MORO MOTORS,SWIFT,5
2025,March,ROS,NASEER AUTOS,ALTO,68
2025,March,ROS,NASEER AUTOS,SWIFT,13
2025,March,ROS,NAWABSHAH MOTORS,ALTO,19
2025,March,ROS,NAWABSHAH MOTORS,SWIFT,5
2025,March,ROS,PQM MOTORS,ALTO,29
2025,March,ROS,PQM MOTORS,SWIFT,3
2025,March,ROS,RIAZ MOTORS,ALTO,33
2025,March,ROS,RIAZ MOTORS,SWIFT,5
2025,March,ROS,SANGHAR MOTORS,ALTO,11
2025,March,ROS,SANGHAR MOTORS,SWIFT,3
2025,March,ROS,SNA MOTORS,ALTO,32
2025,March,ROS,SNA MOTORS,SWIFT,5
2025,March,ROS,SUKKUR MOTORS,ALTO,36
2025,March,ROS,SUKKUR MOTORS,SWIFT,7
2025,March,ROS,SUZUKI MOTORWAYS,ALTO,47
2025,March,ROS,SUZUKI MOTORWAYS,SWIFT,19
2025,March,ROS,SUZUKI SOUTH,ALTO,46
2025,March,ROS,SUZUKI SOUTH,SWIFT,16
2025,March,ROS,TANDO ALLAH YAR MOTORS,ALTO,19
2025,March,ROS,TANDO ALLAH YAR MOTORS,SWIFT,9
2025,March,ROS,THARPARKAR MOTORS,ALTO,17
2025,March,ROS,THARPARKAR MOTORS,SWIFT,10
2025,March,ROS,ZEESHAN AUTOS,ALTO,43
2025,March,ROS,ZEESHAN AUTOS,SWIFT,7
2025,April,ROS,ASHRAF MOTORS,ALTO,4
2025,April,ROS,CARACHI MOTOR,ALTO,75
2025,April,ROS,CARACHI MOTOR,SWIFT,38
2025,April,ROS,CHAMPION MOTORS,ALTO,98
2025,April,ROS,CHAMPION MOTORS,SWIFT,24
2025,April,ROS,CSD,ALTO,20
2025,April,ROS,CSD,SWIFT,1
2025,April,ROS,DANISH MOTORS,ALTO,76
2025,April,ROS,DANISH MOTORS,SWIFT,52
2025,April,ROS,DEFENCE MOTORS,ALTO,61
2025,April,ROS,DEFENCE MOTORS,SWIFT,55
2025,April,ROS,GM MOTORS,ALTO,7
2025,April,ROS,GWADAR MOTORS,ALTO,3
2025,April,ROS,HIGHWAY MOTORS,ALTO,10
2025,April,ROS,HIGHWAY MOTORS,SWIFT,2
2025,April,ROS,HUB MOTORS,ALTO,42
2025,April,ROS,HUB MOTORS,SWIFT,27
2025,April,ROS,I.G. MOTORS,ALTO,70
2025,April,ROS,I.G. MOTORS,SWIFT,19
2025,April,ROS,INTERNATIONAL MOTORS,ALTO,11
2025,April,ROS,ITTEHAD MOTORS,ALTO,40
2025,April,ROS,ITTEHAD MOTORS,SWIFT,12
2025,April,ROS,JACOBABAD MOTORS,ALTO,14
2025,April,ROS,JACOBABAD MOTORS,SWIFT,1
2025,April,ROS,JINNAH AVENUE MOTORS,ALTO,47
2025,April,ROS,JINNAH AVENUE MOTORS,SWIFT,22
2025,April,ROS,KASHMORE MOTORS,ALTO,5
2025,April,ROS,KHALIL MOTORS,ALTO,39
2025,April,ROS,KHALIL MOTORS,SWIFT,6
2025,April,ROS,LARKANA MOTORS,ALTO,6
2025,April,ROS,LARKANA MOTORS,SWIFT,2
2025,April,ROS,MALIR CANTT MOTORS,ALTO,35
2025,April,ROS,MALIR CANTT MOTORS,SWIFT,9
2025,April,ROS,MANDVIWALLA MOTORS,ALTO,41
2025,April,ROS,MANDVIWALLA MOTORS,SWIFT,43
2025,April,ROS,MARGALLA MOTORS,ALTO,85
2025,April,ROS,MARGALLA MOTORS,SWIFT,43
2025,April,ROS,MEHRAN MOTORS,ALTO,41
2025,April,ROS,MEHRAN MOTORS,SWIFT,13
2025,April,ROS,MORO MOTORS,ALTO,6
2025,April,ROS,MORO MOTORS,SWIFT,2
2025,April,ROS,NASEER AUTOS,ALTO,80
2025,April,ROS,NASEER AUTOS,SWIFT,17
2025,April,ROS,NAWABSHAH MOTORS,ALTO,6
2025,April,ROS,NAWABSHAH MOTORS,SWIFT,1
2025,April,ROS,PQM MOTORS,ALTO,37
2025,April,ROS,PQM MOTORS,SWIFT,8
2025,April,ROS,RIAZ MOTORS,ALTO,48
2025,April,ROS,RIAZ MOTORS,SWIFT,11
2025,April,ROS,SANGHAR MOTORS,ALTO,2
2025,April,ROS,SANGHAR MOTORS,SWIFT,2
2025,April,ROS,SNA MOTORS,ALTO,31
2025,April,ROS,SNA MOTORS,SWIFT,28
2025,April,ROS,SUKKUR MOTORS,ALTO,11
2025,April,ROS,SUKKUR MOTORS,SWIFT,7
2025,April,ROS,SUZUKI MOTORWAYS,ALTO,85
2025,April,ROS,SUZUKI MOTORWAYS,SWIFT,57
2025,April,ROS,SUZUKI SOUTH,ALTO,59
2025,April,ROS,SUZUKI SOUTH,SWIFT,43
2025,April,ROS,TANDO ALLAH YAR MOTORS,ALTO,11
2025,April,ROS,TANDO ALLAH YAR MOTORS,SWIFT,7
2025,April,ROS,THARPARKAR MOTORS,ALTO,11
2025,April,ROS,THARPARKAR MOTORS,SWIFT,9
2025,April,ROS,ZEESHAN AUTOS,ALTO,17
2025,April,ROS,ZEESHAN AUTOS,SWIFT,7
2025,May,ROS,ASHRAF MOTORS,ALTO,10
2025,May,ROS,CARACHI MOTOR,ALTO,75
2025,May,ROS,CARACHI MOTOR,SWIFT,26
2025,May,ROS,CHAMPION MOTORS,ALTO,79
2025,May,ROS,CHAMPION MOTORS,SWIFT,14
2025,May,ROS,CSD,ALTO,15
2025,May,ROS,CSD,SWIFT,1
2025,May,ROS,DANISH MOTORS,ALTO,103
2025,May,ROS,DANISH MOTORS,SWIFT,23
2025,May,ROS,DEFENCE MOTORS,ALTO,80
2025,May,ROS,DEFENCE MOTORS,SWIFT,30
2025,May,ROS,GM MOTORS,ALTO,22
2025,May,ROS,GM MOTORS,SWIFT,2
2025,May,ROS,GWADAR MOTORS,ALTO,8
2025,May,ROS,HIGHWAY MOTORS,ALTO,22
2025,May,ROS,HIGHWAY MOTORS,SWIFT,6
2025,May,ROS,HUB MOTORS,ALTO,51
2025,May,ROS,HUB MOTORS,SWIFT,23
2025,May,ROS,I.G. MOTORS,ALTO,90
2025,May,ROS,I.G. MOTORS,SWIFT,19
2025,May,ROS,INTERNATIONAL MOTORS,ALTO,19
2025,May,ROS,INTERNATIONAL MOTORS,SWIFT,5
2025,May,ROS,ITTEHAD MOTORS,ALTO,49
2025,May,ROS,ITTEHAD MOTORS,SWIFT,7
2025,May,ROS,JACOBABAD MOTORS,ALTO,29
2025,May,ROS,JACOBABAD MOTORS,SWIFT,4
2025,May,ROS,JINNAH AVENUE MOTORS,ALTO,72
2025,May,ROS,JINNAH AVENUE MOTORS,SWIFT,12
2025,May,ROS,KASHMORE MOTORS,ALTO,3
2025,May,ROS,KASHMORE MOTORS,SWIFT,2
2025,May,ROS,KHALIL MOTORS,ALTO,42
2025,May,ROS,KHALIL MOTORS,SWIFT,6
2025,May,ROS,LARKANA MOTORS,ALTO,45
2025,May,ROS,LARKANA MOTORS,SWIFT,15
2025,May,ROS,MALIR CANTT MOTORS,ALTO,26
2025,May,ROS,MALIR CANTT MOTORS,SWIFT,6
2025,May,ROS,MANDVIWALLA MOTORS,ALTO,56
2025,May,ROS,MANDVIWALLA MOTORS,SWIFT,19
2025,May,ROS,MARGALLA MOTORS,ALTO,74
2025,May,ROS,MARGALLA MOTORS,SWIFT,21
2025,May,ROS,MEHRAN MOTORS,ALTO,82
2025,May,ROS,MEHRAN MOTORS,SWIFT,27
2025,May,ROS,MORO MOTORS,ALTO,34
2025,May,ROS,MORO MOTORS,SWIFT,12
2025,May,ROS,NASEER AUTOS,ALTO,96
2025,May,ROS,NASEER AUTOS,SWIFT,45
2025,May,ROS,NAWABSHAH MOTORS,ALTO,29
2025,May,ROS,NAWABSHAH MOTORS,SWIFT,12
2025,May,ROS,PQM MOTORS,ALTO,27
2025,May,ROS,PQM MOTORS,SWIFT,22
2025,May,ROS,QUETTA MOTORS,ALTO,5
2025,May,ROS,RIAZ MOTORS,ALTO,46
2025,May,ROS,RIAZ MOTORS,SWIFT,13
2025,May,ROS,SANGHAR MOTORS,ALTO,8
2025,May,ROS,SANGHAR MOTORS,SWIFT,11
2025,May,ROS,SNA MOTORS,ALTO,40
2025,May,ROS,SNA MOTORS,SWIFT,13
2025,May,ROS,SUKKUR MOTORS,ALTO,27
2025,May,ROS,SUKKUR MOTORS,SWIFT,19
2025,May,ROS,SUZUKI MOTORWAYS,ALTO,85
2025,May,ROS,SUZUKI MOTORWAYS,SWIFT,30
2025,May,ROS,SUZUKI SOUTH,ALTO,68
2025,May,ROS,SUZUKI SOUTH,SWIFT,32
2025,May,ROS,TANDO ALLAH YAR MOTORS,ALTO,20
2025,May,ROS,TANDO ALLAH YAR MOTORS,SWIFT,18
2025,May,ROS,THARPARKAR MOTORS,ALTO,24
2025,May,ROS,THARPARKAR MOTORS,SWIFT,13
2025,May,ROS,ZEESHAN AUTOS,ALTO,47
2025,May,ROS,ZEESHAN AUTOS,SWIFT,12
2025,June,ROS,ASHRAF MOTORS,ALTO,17
2025,June,ROS,CARACHI MOTOR,ALTO,90
2025,June,ROS,CARACHI MOTOR,SWIFT,7
2025,June,ROS,CHAMPION MOTORS,ALTO,71
2025,June,ROS,CHAMPION MOTORS,SWIFT,13
2025,June,ROS,CSD,ALTO,16
2025,June,ROS,CSD,SWIFT,7
2025,June,ROS,DANISH MOTORS,ALTO,77
2025,June,ROS,DANISH MOTORS,SWIFT,10
2025,June,ROS,DEFENCE MOTORS,ALTO,84
2025,June,ROS,DEFENCE MOTORS,SWIFT,29
2025,June,ROS,GM MOTORS,ALTO,27
2025,June,ROS,GM MOTORS,SWIFT,9
2025,June,ROS,GWADAR MOTORS,ALTO,11
2025,June,ROS,HIGHWAY MOTORS,ALTO,40
2025,June,ROS,HIGHWAY MOTORS,SWIFT,16
2025,June,ROS,HUB MOTORS,ALTO,53
2025,June,ROS,HUB MOTORS,SWIFT,14
2025,June,ROS,I.G. MOTORS,ALTO,62
2025,June,ROS,I.G. MOTORS,SWIFT,14
2025,June,ROS,INTERNATIONAL MOTORS,ALTO,58
2025,June,ROS,INTERNATIONAL MOTORS,SWIFT,7
2025,June,ROS,ITTEHAD MOTORS,ALTO,41
2025,June,ROS,ITTEHAD MOTORS,SWIFT,2
2025,June,ROS,JACOBABAD MOTORS,ALTO,59
2025,June,ROS,JACOBABAD MOTORS,SWIFT,18
2025,June,ROS,JINNAH AVENUE MOTORS,ALTO,84
2025,June,ROS,JINNAH AVENUE MOTORS,SWIFT,13
2025,June,ROS,KASHMORE MOTORS,ALTO,14
2025,June,ROS,KASHMORE MOTORS,SWIFT,2
2025,June,ROS,KHALIL MOTORS,ALTO,38
2025,June,ROS,KHALIL MOTORS,SWIFT,6
2025,June,ROS,LARKANA MOTORS,ALTO,63
2025,June,ROS,LARKANA MOTORS,SWIFT,26
2025,June,ROS,MALIR CANTT MOTORS,ALTO,23
2025,June,ROS,MALIR CANTT MOTORS,SWIFT,3
2025,June,ROS,MANDVIWALLA MOTORS,ALTO,117
2025,June,ROS,MANDVIWALLA MOTORS,SWIFT,19
2025,June,ROS,MARGALLA MOTORS,ALTO,92
2025,June,ROS,MARGALLA MOTORS,SWIFT,12
2025,June,ROS,MEHRAN MOTORS,ALTO,59
2025,June,ROS,MEHRAN MOTORS,SWIFT,18
2025,June,ROS,MORO MOTORS,ALTO,61
2025,June,ROS,MORO MOTORS,SWIFT,14
2025,June,ROS,NASEER AUTOS,ALTO,123
2025,June,ROS,NASEER AUTOS,SWIFT,29
2025,June,ROS,NAWABSHAH MOTORS,ALTO,65
2025,June,ROS,NAWABSHAH MOTORS,SWIFT,13
2025,June,ROS,PQM MOTORS,ALTO,82
2025,June,ROS,PQM MOTORS,SWIFT,9
2025,June,ROS,QUETTA MOTORS,ALTO,13
2025,June,ROS,RIAZ MOTORS,ALTO,43
2025,June,ROS,RIAZ MOTORS,SWIFT,9
2025,June,ROS,SANGHAR MOTORS,ALTO,30
2025,June,ROS,SANGHAR MOTORS,SWIFT,10
2025,June,ROS,SNA MOTORS,ALTO,37
2025,June,ROS,SNA MOTORS,SWIFT,7
2025,June,ROS,SUKKUR MOTORS,ALTO,62
2025,June,ROS,SUKKUR MOTORS,SWIFT,16
2025,June,ROS,SUZUKI MOTORWAYS,ALTO,76
2025,June,ROS,SUZUKI MOTORWAYS,SWIFT,66
2025,June,ROS,SUZUKI SOUTH,ALTO,58
2025,June,ROS,SUZUKI SOUTH,SWIFT,18
2025,June,ROS,TANDO ALLAH YAR MOTORS,ALTO,35
2025,June,ROS,TANDO ALLAH YAR MOTORS,SWIFT,15
2025,June,ROS,THARPARKAR MOTORS,ALTO,44
2025,June,ROS,THARPARKAR MOTORS,SWIFT,20
2025,June,ROS,ZEESHAN AUTOS,ALTO,68
2025,June,ROS,ZEESHAN AUTOS,SWIFT,25
2025,July,ROS,ASHRAF MOTORS,ALTO,5
2025,July,ROS,CARACHI MOTOR,ALTO,57
2025,July,ROS,CARACHI MOTOR,SWIFT,10
2025,July,ROS,CHAMPION MOTORS,ALTO,21
2025,July,ROS,CHAMPION MOTORS,SWIFT,8
2025,July,ROS,CSD,ALTO,6
2025,July,ROS,CSD,SWIFT,1
2025,July,ROS,DANISH MOTORS,ALTO,26
2025,July,ROS,DANISH MOTORS,SWIFT,20
2025,July,ROS,DEFENCE MOTORS,ALTO,26
2025,July,ROS,DEFENCE MOTORS,SWIFT,21
2025,July,ROS,GM MOTORS,ALTO,14
2025,July,ROS,GM MOTORS,SWIFT,4
2025,July,ROS,GWADAR MOTORS,ALTO,7
2025,July,ROS,HIGHWAY MOTORS,ALTO,11
2025,July,ROS,HIGHWAY MOTORS,SWIFT,8
2025,July,ROS,HUB MOTORS,ALTO,18
2025,July,ROS,HUB MOTORS,SWIFT,8
2025,July,ROS,I.G. MOTORS,ALTO,35
2025,July,ROS,I.G. MOTORS,SWIFT,11
2025,July,ROS,INTERNATIONAL MOTORS,ALTO,5
2025,July,ROS,INTERNATIONAL MOTORS,SWIFT,3
2025,July,ROS,ITTEHAD MOTORS,ALTO,12
2025,July,ROS,ITTEHAD MOTORS,SWIFT,1
2025,July,ROS,JACOBABAD MOTORS,ALTO,21
2025,July,ROS,JACOBABAD MOTORS,SWIFT,3
2025,July,ROS,JINNAH AVENUE MOTORS,ALTO,17
2025,July,ROS,JINNAH AVENUE MOTORS,SWIFT,9
2025,July,ROS,KASHMORE MOTORS,ALTO,5
2025,July,ROS,KHALIL MOTORS,ALTO,12
2025,July,ROS,KHALIL MOTORS,SWIFT,5
2025,July,ROS,LARKANA MOTORS,ALTO,14
2025,July,ROS,LARKANA MOTORS,SWIFT,9
2025,July,ROS,MALIR CANTT MOTORS,ALTO,11
2025,July,ROS,MALIR CANTT MOTORS,SWIFT,3
2025,July,ROS,MANDVIWALLA MOTORS,ALTO,25
2025,July,ROS,MANDVIWALLA MOTORS,SWIFT,7
2025,July,ROS,MARGALLA MOTORS,ALTO,28
2025,July,ROS,MARGALLA MOTORS,SWIFT,12
2025,July,ROS,MEHRAN MOTORS,ALTO,23
2025,July,ROS,MEHRAN MOTORS,SWIFT,10
2025,July,ROS,MORO MOTORS,ALTO,12
2025,July,ROS,MORO MOTORS,SWIFT,7
2025,July,ROS,NASEER AUTOS,ALTO,46
2025,July,ROS,NASEER AUTOS,SWIFT,4
2025,July,ROS,NAWABSHAH MOTORS,ALTO,10
2025,July,ROS,NAWABSHAH MOTORS,SWIFT,4
2025,July,ROS,PQM MOTORS,ALTO,24
2025,July,ROS,PQM MOTORS,SWIFT,2
2025,July,ROS,QUETTA MOTORS,ALTO,3
2025,July,ROS,RIAZ MOTORS,ALTO,36
2025,July,ROS,RIAZ MOTORS,SWIFT,5
2025,July,ROS,SANGHAR MOTORS,ALTO,4
2025,July,ROS,SANGHAR MOTORS,SWIFT,6
2025,July,ROS,SNA MOTORS,ALTO,14
2025,July,ROS,SNA MOTORS,SWIFT,8
2025,July,ROS,SUKKUR MOTORS,ALTO,17
2025,July,ROS,SUKKUR MOTORS,SWIFT,4
2025,July,ROS,SUZUKI MOTORWAYS,ALTO,39
2025,July,ROS,SUZUKI MOTORWAYS,SWIFT,20
2025,July,ROS,SUZUKI SOUTH,ALTO,32
2025,July,ROS,SUZUKI SOUTH,SWIFT,10
2025,July,ROS,TANDO ALLAH YAR MOTORS,ALTO,9
2025,July,ROS,TANDO ALLAH YAR MOTORS,SWIFT,7
2025,July,ROS,THARPARKAR MOTORS,ALTO,20
2025,July,ROS,THARPARKAR MOTORS,SWIFT,6
2025,July,ROS,ZEESHAN AUTOS,ALTO,22
2025,July,ROS,ZEESHAN AUTOS,SWIFT,10
2025,August,ROS,ASHRAF MOTORS,ALTO,4
2025,August,ROS,CARACHI MOTOR,ALTO,97
2025,August,ROS,CARACHI MOTOR,SWIFT,51
2025,August,ROS,CHAMPION MOTORS,ALTO,39
2025,August,ROS,CHAMPION MOTORS,SWIFT,35
2025,August,ROS,CSD,ALTO,11
2025,August,ROS,CSD,SWIFT,1
2025,August,ROS,DANISH MOTORS,ALTO,54
2025,August,ROS,DANISH MOTORS,SWIFT,45
2025,August,ROS,DEFENCE MOTORS,ALTO,47
2025,August,ROS,DEFENCE MOTORS,SWIFT,84
2025,August,ROS,GM MOTORS,ALTO,31
2025,August,ROS,GM MOTORS,SWIFT,5
2025,August,ROS,GWADAR MOTORS,ALTO,5
2025,August,ROS,GWADAR MOTORS,SWIFT,1
2025,August,ROS,HIGHWAY MOTORS,ALTO,29
2025,August,ROS,HIGHWAY MOTORS,SWIFT,7
2025,August,ROS,HUB MOTORS,ALTO,32
2025,August,ROS,HUB MOTORS,SWIFT,14
2025,August,ROS,I.G. MOTORS,ALTO,49
2025,August,ROS,I.G. MOTORS,SWIFT,35
2025,August,ROS,INTERNATIONAL MOTORS,ALTO,11
2025,August,ROS,INTERNATIONAL MOTORS,SWIFT,2
2025,August,ROS,ITTEHAD MOTORS,ALTO,35
2025,August,ROS,ITTEHAD MOTORS,SWIFT,4
2025,August,ROS,JACOBABAD MOTORS,ALTO,30
2025,August,ROS,JACOBABAD MOTORS,SWIFT,8
2025,August,ROS,JINNAH AVENUE MOTORS,ALTO,30
2025,August,ROS,JINNAH AVENUE MOTORS,SWIFT,30
2025,August,ROS,KASHMORE MOTORS,ALTO,10
2025,August,ROS,KASHMORE MOTORS,SWIFT,2
2025,August,ROS,KHALIL MOTORS,ALTO,19
2025,August,ROS,KHALIL MOTORS,SWIFT,10
2025,August,ROS,LARKANA MOTORS,ALTO,27
2025,August,ROS,LARKANA MOTORS,SWIFT,16
2025,August,ROS,MALIR CANTT MOTORS,ALTO,35
2025,August,ROS,MALIR CANTT MOTORS,SWIFT,8
2025,August,ROS,MANDVIWALLA MOTORS,ALTO,41
2025,August,ROS,MANDVIWALLA MOTORS,SWIFT,26
2025,August,ROS,MARGALLA MOTORS,ALTO,99
2025,August,ROS,MARGALLA MOTORS,SWIFT,47
2025,August,ROS,MEHRAN MOTORS,ALTO,45
2025,August,ROS,MEHRAN MOTORS,SWIFT,20
2025,August,ROS,MORO MOTORS,ALTO,33
2025,August,ROS,MORO MOTORS,SWIFT,7
2025,August,ROS,NASEER AUTOS,ALTO,84
2025,August,ROS,NASEER AUTOS,SWIFT,33
2025,August,ROS,NAWABSHAH MOTORS,ALTO,37
2025,August,ROS,NAWABSHAH MOTORS,SWIFT,9
2025,August,ROS,PQM MOTORS,ALTO,24
2025,August,ROS,PQM MOTORS,SWIFT,11
2025,August,ROS,QUETTA MOTORS,ALTO,7
2025,August,ROS,QUETTA MOTORS,SWIFT,1
2025,August,ROS,RIAZ MOTORS,ALTO,22
2025,August,ROS,RIAZ MOTORS,SWIFT,21
2025,August,ROS,SANGHAR MOTORS,ALTO,5
2025,August,ROS,SANGHAR MOTORS,SWIFT,11
2025,August,ROS,SNA MOTORS,ALTO,44
2025,August,ROS,SNA MOTORS,SWIFT,8
2025,August,ROS,SUKKUR MOTORS,ALTO,34
2025,August,ROS,SUKKUR MOTORS,SWIFT,17
2025,August,ROS,SUZUKI MOTORWAYS,ALTO,75
2025,August,ROS,SUZUKI MOTORWAYS,SWIFT,40
2025,August,ROS,SUZUKI SOUTH,ALTO,43
2025,August,ROS,SUZUKI SOUTH,SWIFT,21
2025,August,ROS,TANDO ALLAH YAR MOTORS,ALTO,48
2025,August,ROS,TANDO ALLAH YAR MOTORS,SWIFT,10
2025,August,ROS,THARPARKAR MOTORS,ALTO,41
2025,August,ROS,THARPARKAR MOTORS,SWIFT,8
2025,August,ROS,ZEESHAN AUTOS,ALTO,37
2025,August,ROS,ZEESHAN AUTOS,SWIFT,23
2025,September,ROS,ASHRAF MOTORS,ALTO,5
2025,September,ROS,CARACHI MOTOR,ALTO,62
2025,September,ROS,CARACHI MOTOR,SWIFT,20
2025,September,ROS,CHAMPION MOTORS,ALTO,49
2025,September,ROS,CHAMPION MOTORS,SWIFT,25
2025,September,ROS,CSD,ALTO,15
2025,September,ROS,CSD,SWIFT,2
2025,September,ROS,DANISH MOTORS,ALTO,66
2025,September,ROS,DANISH MOTORS,SWIFT,32
2025,September,ROS,DEFENCE MOTORS,ALTO,62
2025,September,ROS,DEFENCE MOTORS,SWIFT,46
2025,September,ROS,GM MOTORS,ALTO,25
2025,September,ROS,GM MOTORS,SWIFT,3
2025,September,ROS,GWADAR MOTORS,ALTO,11
2025,September,ROS,HIGHWAY MOTORS,ALTO,28
2025,September,ROS,HIGHWAY MOTORS,SWIFT,11
2025,September,ROS,HUB MOTORS,ALTO,53
2025,September,ROS,HUB MOTORS,SWIFT,23
2025,September,ROS,I.G. MOTORS,ALTO,60
2025,September,ROS,I.G. MOTORS,SWIFT,31
2025,September,ROS,INTERNATIONAL MOTORS,ALTO,21
2025,September,ROS,INTERNATIONAL MOTORS,SWIFT,5
2025,September,ROS,ITTEHAD MOTORS,ALTO,25
2025,September,ROS,ITTEHAD MOTORS,SWIFT,7
2025,September,ROS,JACOBABAD MOTORS,ALTO,31
2025,September,ROS,JACOBABAD MOTORS,SWIFT,9
2025,September,ROS,JINNAH AVENUE MOTORS,ALTO,29
2025,September,ROS,JINNAH AVENUE MOTORS,SWIFT,19
2025,September,ROS,KASHMORE MOTORS,ALTO,4
2025,September,ROS,KASHMORE MOTORS,SWIFT,1
2025,September,ROS,KHALIL MOTORS,ALTO,23
2025,September,ROS,KHALIL MOTORS,SWIFT,9
2025,September,ROS,LARKANA MOTORS,ALTO,29
2025,September,ROS,LARKANA MOTORS,SWIFT,16
2025,September,ROS,MALIR CANTT MOTORS,ALTO,23
2025,September,ROS,MALIR CANTT MOTORS,SWIFT,12
2025,September,ROS,MANDVIWALLA MOTORS,ALTO,57
2025,September,ROS,MANDVIWALLA MOTORS,SWIFT,22
2025,September,ROS,MARGALLA MOTORS,ALTO,65
2025,September,ROS,MARGALLA MOTORS,SWIFT,28
2025,September,ROS,MEHRAN MOTORS,ALTO,40
2025,September,ROS,MEHRAN MOTORS,SWIFT,35
2025,September,ROS,MORO MOTORS,ALTO,43
2025,September,ROS,MORO MOTORS,SWIFT,10
2025,September,ROS,NASEER AUTOS,ALTO,112
2025,September,ROS,NASEER AUTOS,SWIFT,44
2025,September,ROS,NAWABSHAH MOTORS,ALTO,49
2025,September,ROS,NAWABSHAH MOTORS,SWIFT,12
2025,September,ROS,PQM MOTORS,ALTO,36
2025,September,ROS,PQM MOTORS,SWIFT,10
2025,September,ROS,QUETTA MOTORS,ALTO,13
2025,September,ROS,RIAZ MOTORS,ALTO,41
2025,September,ROS,RIAZ MOTORS,SWIFT,19
2025,September,ROS,SANGHAR MOTORS,ALTO,13
2025,September,ROS,SANGHAR MOTORS,SWIFT,8
2025,September,ROS,SNA MOTORS,ALTO,50
2025,September,ROS,SNA MOTORS,SWIFT,12
2025,September,ROS,SUKKUR MOTORS,ALTO,39
2025,September,ROS,SUKKUR MOTORS,SWIFT,12
2025,September,ROS,SUZUKI MOTORWAYS,ALTO,59
2025,September,ROS,SUZUKI MOTORWAYS,SWIFT,65
2025,September,ROS,SUZUKI SOUTH,ALTO,57
2025,September,ROS,SUZUKI SOUTH,SWIFT,38
2025,September,ROS,TANDO ALLAH YAR MOTORS,ALTO,63
2025,September,ROS,TANDO ALLAH YAR MOTORS,SWIFT,16
2025,September,ROS,THARPARKAR MOTORS,ALTO,47
2025,September,ROS,THARPARKAR MOTORS,SWIFT,21
2025,September,ROS,ZEESHAN AUTOS,ALTO,55
2025,September,ROS,ZEESHAN AUTOS,SWIFT,12
2025,October,ROS,ASHRAF MOTORS,ALTO,5
2025,October,ROS,CARACHI MOTOR,ALTO,56
2025,October,ROS,CARACHI MOTOR,SWIFT,23
2025,October,ROS,CHAMPION MOTORS,ALTO,68
2025,October,ROS,CHAMPION MOTORS,SWIFT,19
2025,October,ROS,CSD,ALTO,7
2025,October,ROS,CSD,SWIFT,4
2025,October,ROS,DANISH MOTORS,ALTO,72
2025,October,ROS,DANISH MOTORS,SWIFT,21
2025,October,ROS,DEFENCE MOTORS,ALTO,65
2025,October,ROS,DEFENCE MOTORS,SWIFT,63
2025,October,ROS,GM MOTORS,ALTO,31
2025,October,ROS,GM MOTORS,SWIFT,7
2025,October,ROS,GWADAR MOTORS,ALTO,10
2025,October,ROS,GWADAR MOTORS,SWIFT,2
2025,October,ROS,HIGHWAY MOTORS,ALTO,28
2025,October,ROS,HIGHWAY MOTORS,SWIFT,12
2025,October,ROS,HUB MOTORS,ALTO,35
2025,October,ROS,HUB MOTORS,SWIFT,7
2025,October,ROS,I.G. MOTORS,ALTO,79
2025,October,ROS,I.G. MOTORS,SWIFT,24
2025,October,ROS,INTERNATIONAL MOTORS,ALTO,10
2025,October,ROS,INTERNATIONAL MOTORS,SWIFT,2
2025,October,ROS,ITTEHAD MOTORS,ALTO,38
2025,October,ROS,ITTEHAD MOTORS,SWIFT,7
2025,October,ROS,JACOBABAD MOTORS,ALTO,30
2025,October,ROS,JACOBABAD MOTORS,SWIFT,15
2025,October,ROS,JINNAH AVENUE MOTORS,ALTO,43
2025,October,ROS,JINNAH AVENUE MOTORS,SWIFT,14
2025,October,ROS,KASHMORE MOTORS,ALTO,4
2025,October,ROS,KASHMORE MOTORS,SWIFT,1
2025,October,ROS,KHALIL MOTORS,ALTO,28
2025,October,ROS,KHALIL MOTORS,SWIFT,3
2025,October,ROS,LARKANA MOTORS,ALTO,24
2025,October,ROS,LARKANA MOTORS,SWIFT,18
2025,October,ROS,MALIR CANTT MOTORS,ALTO,26
2025,October,ROS,MALIR CANTT MOTORS,SWIFT,20
2025,October,ROS,MANDVIWALLA MOTORS,ALTO,41
2025,October,ROS,MANDVIWALLA MOTORS,SWIFT,23
2025,October,ROS,MARGALLA MOTORS,ALTO,77
2025,October,ROS,MARGALLA MOTORS,SWIFT,34
2025,October,ROS,MEHRAN MOTORS,ALTO,52
2025,October,ROS,MEHRAN MOTORS,SWIFT,16
2025,October,ROS,MORO MOTORS,ALTO,39
2025,October,ROS,MORO MOTORS,SWIFT,4
2025,October,ROS,NASEER AUTOS,ALTO,69
2025,October,ROS,NASEER AUTOS,SWIFT,23
2025,October,ROS,NAWABSHAH MOTORS,ALTO,34
2025,October,ROS,NAWABSHAH MOTORS,SWIFT,6
2025,October,ROS,PQM MOTORS,ALTO,30
2025,October,ROS,PQM MOTORS,SWIFT,9
2025,October,ROS,QUETTA MOTORS,ALTO,16
2025,October,ROS,QUETTA MOTORS,SWIFT,2
2025,October,ROS,RIAZ MOTORS,ALTO,43
2025,October,ROS,RIAZ MOTORS,SWIFT,12
2025,October,ROS,SANGHAR MOTORS,ALTO,34
2025,October,ROS,SANGHAR MOTORS,SWIFT,11
2025,October,ROS,SNA MOTORS,ALTO,68
2025,October,ROS,SNA MOTORS,SWIFT,7
2025,October,ROS,SUKKUR MOTORS,ALTO,32
2025,October,ROS,SUKKUR MOTORS,SWIFT,9
2025,October,ROS,SUZUKI MOTORWAYS,ALTO,63
2025,October,ROS,SUZUKI MOTORWAYS,SWIFT,37
2025,October,ROS,SUZUKI SOUTH,ALTO,57
2025,October,ROS,SUZUKI SOUTH,SWIFT,11
2025,October,ROS,TANDO ALLAH YAR MOTORS,ALTO,56
2025,October,ROS,TANDO ALLAH YAR MOTORS,SWIFT,13
2025,October,ROS,THARPARKAR MOTORS,ALTO,71
2025,October,ROS,THARPARKAR MOTORS,SWIFT,18
2025,October,ROS,ZEESHAN AUTOS,ALTO,42
2025,October,ROS,ZEESHAN AUTOS,SWIFT,16
2025,November,ROS,ASHRAF MOTORS,ALTO,3
2025,November,ROS,CARACHI MOTOR,ALTO,31
2025,November,ROS,CARACHI MOTOR,SWIFT,22
2025,November,ROS,CHAMPION MOTORS,ALTO,43
2025,November,ROS,CHAMPION MOTORS,SWIFT,18
2025,November,ROS,CSD,ALTO,6
2025,November,ROS,CSD,SWIFT,3
2025,November,ROS,DANISH MOTORS,ALTO,70
2025,November,ROS,DANISH MOTORS,SWIFT,21
2025,November,ROS,DEFENCE MOTORS,ALTO,24
2025,November,ROS,DEFENCE MOTORS,SWIFT,34
2025,November,ROS,GM MOTORS,ALTO,31
2025,November,ROS,GM MOTORS,SWIFT,2
2025,November,ROS,GWADAR MOTORS,ALTO,7
2025,November,ROS,GWADAR MOTORS,SWIFT,1
2025,November,ROS,HIGHWAY MOTORS,ALTO,31
2025,November,ROS,HIGHWAY MOTORS,SWIFT,16
2025,November,ROS,HUB MOTORS,ALTO,32
2025,November,ROS,HUB MOTORS,SWIFT,6
2025,November,ROS,I.G. MOTORS,ALTO,39
2025,November,ROS,I.G. MOTORS,SWIFT,27
2025,November,ROS,INTERNATIONAL MOTORS,ALTO,9
2025,November,ROS,INTERNATIONAL MOTORS,SWIFT,7
2025,November,ROS,ITTEHAD MOTORS,ALTO,19
2025,November,ROS,ITTEHAD MOTORS,SWIFT,7
2025,November,ROS,JACOBABAD MOTORS,ALTO,46
2025,November,ROS,JACOBABAD MOTORS,SWIFT,10
2025,November,ROS,JINNAH AVENUE MOTORS,ALTO,23
2025,November,ROS,JINNAH AVENUE MOTORS,SWIFT,20
2025,November,ROS,KASHMORE MOTORS,ALTO,6
2025,November,ROS,KASHMORE MOTORS,SWIFT,3
2025,November,ROS,KHALIL MOTORS,ALTO,20
2025,November,ROS,KHALIL MOTORS,SWIFT,6
2025,November,ROS,LARKANA MOTORS,ALTO,17
2025,November,ROS,LARKANA MOTORS,SWIFT,27
2025,November,ROS,MALIR CANTT MOTORS,ALTO,28
2025,November,ROS,MALIR CANTT MOTORS,SWIFT,14
2025,November,ROS,MANDVIWALLA MOTORS,ALTO,35
2025,November,ROS,MANDVIWALLA MOTORS,SWIFT,24
2025,November,ROS,MARGALLA MOTORS,ALTO,74
2025,November,ROS,MARGALLA MOTORS,SWIFT,23
2025,November,ROS,MEHRAN MOTORS,ALTO,34
2025,November,ROS,MEHRAN MOTORS,SWIFT,27
2025,November,ROS,MORO MOTORS,ALTO,42
2025,November,ROS,MORO MOTORS,SWIFT,15
2025,November,ROS,NASEER AUTOS,ALTO,129
2025,November,ROS,NASEER AUTOS,SWIFT,37
2025,November,ROS,NAWABSHAH MOTORS,ALTO,30
2025,November,ROS,NAWABSHAH MOTORS,SWIFT,10
2025,November,ROS,PQM MOTORS,ALTO,19
2025,November,ROS,PQM MOTORS,SWIFT,11
2025,November,ROS,QUETTA MOTORS,ALTO,8
2025,November,ROS,QUETTA MOTORS,SWIFT,5
2025,November,ROS,RIAZ MOTORS,ALTO,48
2025,November,ROS,RIAZ MOTORS,SWIFT,14
2025,November,ROS,SANGHAR MOTORS,ALTO,33
2025,November,ROS,SANGHAR MOTORS,SWIFT,11
2025,November,ROS,SNA MOTORS,ALTO,48
2025,November,ROS,SNA MOTORS,SWIFT,6
2025,November,ROS,SUKKUR MOTORS,ALTO,31
2025,November,ROS,SUKKUR MOTORS,SWIFT,20
2025,November,ROS,SUZUKI MOTORWAYS,ALTO,59
2025,November,ROS,SUZUKI MOTORWAYS,SWIFT,37
2025,November,ROS,SUZUKI SOUTH,ALTO,71
2025,November,ROS,SUZUKI SOUTH,SWIFT,19
2025,November,ROS,TANDO ALLAH YAR MOTORS,ALTO,61
2025,November,ROS,TANDO ALLAH YAR MOTORS,SWIFT,11
2025,November,ROS,THARPARKAR MOTORS,ALTO,45
2025,November,ROS,THARPARKAR MOTORS,SWIFT,18
2025,November,ROS,ZEESHAN AUTOS,ALTO,33
2025,November,ROS,ZEESHAN AUTOS,SWIFT,21
2025,December,ROS,ASHRAF MOTORS,ALTO,13
2025,December,ROS,ASHRAF MOTORS,SWIFT,1
2025,December,ROS,CARACHI MOTOR,ALTO,29
2025,December,ROS,CARACHI MOTOR,SWIFT,18
2025,December,ROS,CHAMPION MOTORS,ALTO,62
2025,December,ROS,CHAMPION MOTORS,SWIFT,11
2025,December,ROS,CSD,SWIFT,2
2025,December,ROS,DANISH MOTORS,ALTO,58
2025,December,ROS,DANISH MOTORS,SWIFT,33
2025,December,ROS,DEFENCE MOTORS,ALTO,31
2025,December,ROS,DEFENCE MOTORS,SWIFT,25
2025,December,ROS,GM MOTORS,ALTO,20
2025,December,ROS,GM MOTORS,SWIFT,5
2025,December,ROS,GWADAR MOTORS,ALTO,6
2025,December,ROS,GWADAR MOTORS,SWIFT,1
2025,December,ROS,HIGHWAY MOTORS,ALTO,21
2025,December,ROS,HIGHWAY MOTORS,SWIFT,10
2025,December,ROS,HUB MOTORS,ALTO,19
2025,December,ROS,HUB MOTORS,SWIFT,5
2025,December,ROS,I.G. MOTORS,ALTO,59
2025,December,ROS,I.G. MOTORS,SWIFT,23
2025,December,ROS,INTERNATIONAL MOTORS,ALTO,25
2025,December,ROS,INTERNATIONAL MOTORS,SWIFT,2
2025,December,ROS,ITTEHAD MOTORS,ALTO,25
2025,December,ROS,ITTEHAD MOTORS,SWIFT,13
2025,December,ROS,JACOBABAD MOTORS,ALTO,39
2025,December,ROS,JACOBABAD MOTORS,SWIFT,8
2025,December,ROS,JINNAH AVENUE MOTORS,ALTO,26
2025,December,ROS,JINNAH AVENUE MOTORS,SWIFT,16
2025,December,ROS,KASHMORE MOTORS,ALTO,5
2025,December,ROS,KASHMORE MOTORS,SWIFT,2
2025,December,ROS,KHALIL MOTORS,ALTO,36
2025,December,ROS,KHALIL MOTORS,SWIFT,12
2025,December,ROS,LARKANA MOTORS,ALTO,26
2025,December,ROS,LARKANA MOTORS,SWIFT,14
2025,December,ROS,MALIR CANTT MOTORS,ALTO,33
2025,December,ROS,MALIR CANTT MOTORS,SWIFT,11
2025,December,ROS,MANDVIWALLA MOTORS,ALTO,50
2025,December,ROS,MANDVIWALLA MOTORS,SWIFT,11
2025,December,ROS,MARGALLA MOTORS,ALTO,37
2025,December,ROS,MARGALLA MOTORS,SWIFT,24
2025,December,ROS,MEHRAN MOTORS,ALTO,19
2025,December,ROS,MEHRAN MOTORS,SWIFT,19
2025,December,ROS,MORO MOTORS,ALTO,34
2025,December,ROS,MORO MOTORS,SWIFT,4
2025,December,ROS,NASEER AUTOS,ALTO,166
2025,December,ROS,NASEER AUTOS,SWIFT,15
2025,December,ROS,NAWABSHAH MOTORS,ALTO,22
2025,December,ROS,NAWABSHAH MOTORS,SWIFT,7
2025,December,ROS,PQM MOTORS,ALTO,38
2025,December,ROS,PQM MOTORS,SWIFT,5
2025,December,ROS,QUETTA MOTORS,ALTO,9
2025,December,ROS,RIAZ MOTORS,ALTO,23
2025,December,ROS,RIAZ MOTORS,SWIFT,22
2025,December,ROS,SANGHAR MOTORS,ALTO,25
2025,December,ROS,SANGHAR MOTORS,SWIFT,8
2025,December,ROS,SNA MOTORS,ALTO,30
2025,December,ROS,SNA MOTORS,SWIFT,7
2025,December,ROS,SUKKUR MOTORS,ALTO,19
2025,December,ROS,SUKKUR MOTORS,SWIFT,7
2025,December,ROS,SUZUKI MOTORWAYS,ALTO,51
2025,December,ROS,SUZUKI MOTORWAYS,SWIFT,33
2025,December,ROS,SUZUKI SOUTH,ALTO,45
2025,December,ROS,SUZUKI SOUTH,SWIFT,14
2025,December,ROS,TANDO ALLAH YAR MOTORS,ALTO,32
2025,December,ROS,TANDO ALLAH YAR MOTORS,SWIFT,6
2025,December,ROS,THARPARKAR MOTORS,ALTO,40
2025,December,ROS,THARPARKAR MOTORS,SWIFT,9
2025,December,ROS,ZEESHAN AUTOS,ALTO,34
2025,December,ROS,ZEESHAN AUTOS,SWIFT,17
2024,January,ROCP,AIRPORT MOTORS,ALTO,10
2024,January,ROCP,AIRPORT MOTORS,SWIFT,3
2024,January,ROCP,ALI JAN MOTORS,ALTO,27
2024,January,ROCP,ALI JAN MOTORS,SWIFT,3
2024,January,ROCP,BURJ MOTORS,ALTO,53
2024,January,ROCP,BURJ MOTORS,SWIFT,12
2024,January,ROCP,CANAL LAHORE,ALTO,33
2024,January,ROCP,CANAL LAHORE,SWIFT,7
2024,January,ROCP,CANAL MOTORS,ALTO,23
2024,January,ROCP,CANAL MOTORS,SWIFT,9
2024,January,ROCP,CHENAB MOTORS,ALTO,28
2024,January,ROCP,CHENAB MOTORS,SWIFT,4
2024,January,ROCP,CHUNIAN MOTORS,ALTO,10
2024,January,ROCP,CROWN MOTORS,ALTO,17
2024,January,ROCP,CROWN MOTORS,SWIFT,5
2024,January,ROCP,FALCON MOTORS,ALTO,26
2024,January,ROCP,FALCON MOTORS,SWIFT,6
2024,January,ROCP,GUJRANWALA MOTORS,ALTO,50
2024,January,ROCP,GUJRANWALA MOTORS,SWIFT,6
2024,January,ROCP,GUJRAT MOTORS,ALTO,35
2024,January,ROCP,GUJRAT MOTORS,SWIFT,8
2024,January,ROCP,HAFIZABAD MOTORS,ALTO,21
2024,January,ROCP,HAFIZABAD MOTORS,SWIFT,5
2024,January,ROCP,KASUR MOTORS,ALTO,13
2024,January,ROCP,KASUR MOTORS,SWIFT,4
2024,January,ROCP,KHALID MOTORS,ALTO,24
2024,January,ROCP,KHALID MOTORS,SWIFT,4
2024,January,ROCP,MADNI MOTORS,ALTO,23
2024,January,ROCP,MADNI MOTORS,SWIFT,4
2024,January,ROCP,MASTER MOTOR,ALTO,28
2024,January,ROCP,MASTER MOTOR,SWIFT,5
2024,January,ROCP,MINI MOTORS,ALTO,10
2024,January,ROCP,MINI MOTORS,SWIFT,5
2024,January,ROCP,MOTOR HOUSE,ALTO,19
2024,January,ROCP,MOTOR HOUSE,SWIFT,6
2024,January,ROCP,NAROWAL MOTORS,ALTO,8
2024,January,ROCP,OLYMPIA MOTORS,ALTO,9
2024,January,ROCP,OLYMPIA MOTORS,SWIFT,4
2024,January,ROCP,PINE AVENUE MOTORS,ALTO,16
2024,January,ROCP,PINE AVENUE MOTORS,SWIFT,1
2024,January,ROCP,PREMIER MOTORS,ALTO,16
2024,January,ROCP,PREMIER MOTORS,SWIFT,4
2024,January,ROCP,PRESTIGE MOTORS,ALTO,9
2024,January,ROCP,PRESTIGE MOTORS,SWIFT,4
2024,January,ROCP,RAIWIND MOTORS,ALTO,30
2024,January,ROCP,RAIWIND MOTORS,SWIFT,10
2024,January,ROCP,RAVI MOTORS,ALTO,9
2024,January,ROCP,RAVI MOTORS,SWIFT,1
2024,January,ROCP,SAMANABAD MOTORS,ALTO,16
2024,January,ROCP,SAMANABAD MOTORS,SWIFT,2
2024,January,ROCP,SANDAL BAR MOTORS,ALTO,22
2024,January,ROCP,SANDAL BAR MOTORS,SWIFT,7
2024,January,ROCP,SETHI MOTORS,ALTO,28
2024,January,ROCP,SETHI MOTORS,SWIFT,14
2024,January,ROCP,SHALIMAR MOTORS,ALTO,22
2024,January,ROCP,SHALIMAR MOTORS,SWIFT,3
2024,January,ROCP,SHEIKHAN MOTORS,ALTO,18
2024,January,ROCP,SHEIKHAN MOTORS,SWIFT,6
2024,January,ROCP,SIALKOT CITY MOTORS,ALTO,3
2024,January,ROCP,SUMMIT MOTORS,ALTO,23
2024,January,ROCP,SUMMIT MOTORS,SWIFT,3
2024,January,ROCP,TOBA TEK SINGH,ALTO,20
2024,January,ROCP,TOBA TEK SINGH,SWIFT,3
2024,January,ROCP,TOWNSHIP MOTORS,ALTO,38
2024,January,ROCP,TOWNSHIP MOTORS,SWIFT,7
2024,January,ROCP,WAZIRABAD MOTORS,ALTO,28
2024,January,ROCP,WAZIRABAD MOTORS,SWIFT,3
2024,January,ROCP,ZAFAR MOTORS,ALTO,18
2024,January,ROCP,ZAFAR MOTORS,SWIFT,2
2024,February,ROCP,AIRPORT MOTORS,ALTO,25
2024,February,ROCP,AIRPORT MOTORS,SWIFT,5
2024,February,ROCP,ALI JAN MOTORS,ALTO,21
2024,February,ROCP,ALI JAN MOTORS,SWIFT,6
2024,February,ROCP,BURJ MOTORS,ALTO,50
2024,February,ROCP,BURJ MOTORS,SWIFT,5
2024,February,ROCP,CANAL LAHORE,ALTO,24
2024,February,ROCP,CANAL LAHORE,SWIFT,8
2024,February,ROCP,CANAL MOTORS,ALTO,32
2024,February,ROCP,CANAL MOTORS,SWIFT,5
2024,February,ROCP,CHENAB MOTORS,ALTO,25
2024,February,ROCP,CHENAB MOTORS,SWIFT,3
2024,February,ROCP,CHUNIAN MOTORS,ALTO,17
2024,February,ROCP,CHUNIAN MOTORS,SWIFT,1
2024,February,ROCP,CROWN MOTORS,ALTO,21
2024,February,ROCP,FALCON MOTORS,ALTO,40
2024,February,ROCP,FALCON MOTORS,SWIFT,4
2024,February,ROCP,GUJRANWALA MOTORS,ALTO,50
2024,February,ROCP,GUJRANWALA MOTORS,SWIFT,11
2024,February,ROCP,GUJRAT MOTORS,ALTO,37
2024,February,ROCP,GUJRAT MOTORS,SWIFT,5
2024,February,ROCP,HAFIZABAD MOTORS,ALTO,25
2024,February,ROCP,HAFIZABAD MOTORS,SWIFT,2
2024,February,ROCP,KASUR MOTORS,ALTO,17
2024,February,ROCP,KASUR MOTORS,SWIFT,1
2024,February,ROCP,KHALID MOTORS,ALTO,26
2024,February,ROCP,KHALID MOTORS,SWIFT,7
2024,February,ROCP,MADNI MOTORS,ALTO,30
2024,February,ROCP,MADNI MOTORS,SWIFT,4
2024,February,ROCP,MASTER MOTOR,ALTO,24
2024,February,ROCP,MASTER MOTOR,SWIFT,7
2024,February,ROCP,MINI MOTORS,ALTO,14
2024,February,ROCP,MINI MOTORS,SWIFT,6
2024,February,ROCP,MOTOR HOUSE,ALTO,21
2024,February,ROCP,MOTOR HOUSE,SWIFT,2
2024,February,ROCP,NAROWAL MOTORS,ALTO,12
2024,February,ROCP,NAROWAL MOTORS,SWIFT,1
2024,February,ROCP,OLYMPIA MOTORS,ALTO,12
2024,February,ROCP,PINE AVENUE MOTORS,ALTO,16
2024,February,ROCP,PINE AVENUE MOTORS,SWIFT,2
2024,February,ROCP,PREMIER MOTORS,ALTO,36
2024,February,ROCP,PREMIER MOTORS,SWIFT,7
2024,February,ROCP,PRESTIGE MOTORS,ALTO,16
2024,February,ROCP,PRESTIGE MOTORS,SWIFT,2
2024,February,ROCP,RAIWIND MOTORS,ALTO,37
2024,February,ROCP,RAIWIND MOTORS,SWIFT,9
2024,February,ROCP,RAVI MOTORS,ALTO,13
2024,February,ROCP,RAVI MOTORS,SWIFT,1
2024,February,ROCP,SAMANABAD MOTORS,ALTO,17
2024,February,ROCP,SAMANABAD MOTORS,SWIFT,3
2024,February,ROCP,SANDAL BAR MOTORS,ALTO,21
2024,February,ROCP,SANDAL BAR MOTORS,SWIFT,1
2024,February,ROCP,SETHI MOTORS,ALTO,31
2024,February,ROCP,SETHI MOTORS,SWIFT,11
2024,February,ROCP,SHALIMAR MOTORS,ALTO,21
2024,February,ROCP,SHALIMAR MOTORS,SWIFT,3
2024,February,ROCP,SHEIKHAN MOTORS,ALTO,40
2024,February,ROCP,SHEIKHAN MOTORS,SWIFT,6
2024,February,ROCP,SIALKOT CITY MOTORS,ALTO,1
2024,February,ROCP,SIALKOT CITY MOTORS,SWIFT,1
2024,February,ROCP,SUMMIT MOTORS,ALTO,35
2024,February,ROCP,SUMMIT MOTORS,SWIFT,8
2024,February,ROCP,TOBA TEK SINGH,ALTO,13
2024,February,ROCP,TOWNSHIP MOTORS,ALTO,32
2024,February,ROCP,TOWNSHIP MOTORS,SWIFT,10
2024,February,ROCP,WAZIRABAD MOTORS,ALTO,28
2024,February,ROCP,WAZIRABAD MOTORS,SWIFT,6
2024,February,ROCP,ZAFAR MOTORS,ALTO,36
2024,February,ROCP,ZAFAR MOTORS,SWIFT,2
2024,March,ROCP,AIRPORT MOTORS,ALTO,13
2024,March,ROCP,ALI JAN MOTORS,ALTO,31
2024,March,ROCP,ALI JAN MOTORS,SWIFT,4
2024,March,ROCP,BURJ MOTORS,ALTO,63
2024,March,ROCP,BURJ MOTORS,SWIFT,3
2024,March,ROCP,CANAL LAHORE,ALTO,20
2024,March,ROCP,CANAL LAHORE,SWIFT,1
2024,March,ROCP,CANAL MOTORS,ALTO,48
2024,March,ROCP,CANAL MOTORS,SWIFT,5
2024,March,ROCP,CHENAB MOTORS,ALTO,20
2024,March,ROCP,CHUNIAN MOTORS,ALTO,12
2024,March,ROCP,CROWN MOTORS,ALTO,26
2024,March,ROCP,FALCON MOTORS,ALTO,23
2024,March,ROCP,FALCON MOTORS,SWIFT,2
2024,March,ROCP,GUJRANWALA MOTORS,ALTO,47
2024,March,ROCP,GUJRANWALA MOTORS,SWIFT,2
2024,March,ROCP,GUJRAT MOTORS,ALTO,47
2024,March,ROCP,HAFIZABAD MOTORS,ALTO,30
2024,March,ROCP,HAFIZABAD MOTORS,SWIFT,1
2024,March,ROCP,KASUR MOTORS,ALTO,14
2024,March,ROCP,KASUR MOTORS,SWIFT,1
2024,March,ROCP,KHALID MOTORS,ALTO,33
2024,March,ROCP,KHALID MOTORS,SWIFT,2
2024,March,ROCP,MADNI MOTORS,ALTO,18
2024,March,ROCP,MASTER MOTOR,ALTO,36
2024,March,ROCP,MINI MOTORS,ALTO,20
2024,March,ROCP,MINI MOTORS,SWIFT,3
2024,March,ROCP,MOTOR HOUSE,ALTO,22
2024,March,ROCP,NAROWAL MOTORS,ALTO,10
2024,March,ROCP,OLYMPIA MOTORS,ALTO,20
2024,March,ROCP,OLYMPIA MOTORS,SWIFT,3
2024,March,ROCP,PINE AVENUE MOTORS,ALTO,11
2024,March,ROCP,PREMIER MOTORS,ALTO,21
2024,March,ROCP,PRESTIGE MOTORS,ALTO,20
2024,March,ROCP,RAIWIND MOTORS,ALTO,30
2024,March,ROCP,RAIWIND MOTORS,SWIFT,1
2024,March,ROCP,RAVI MOTORS,ALTO,9
2024,March,ROCP,SAMANABAD MOTORS,ALTO,15
2024,March,ROCP,SANDAL BAR MOTORS,ALTO,21
2024,March,ROCP,SANDAL BAR MOTORS,SWIFT,2
2024,March,ROCP,SETHI MOTORS,ALTO,20
2024,March,ROCP,SETHI MOTORS,SWIFT,2
2024,March,ROCP,SHALIMAR MOTORS,ALTO,16
2024,March,ROCP,SHALIMAR MOTORS,SWIFT,1
2024,March,ROCP,SHEIKHAN MOTORS,ALTO,29
2024,March,ROCP,SHEIKHAN MOTORS,SWIFT,1
2024,March,ROCP,SUMMIT MOTORS,ALTO,30
2024,March,ROCP,SUMMIT MOTORS,SWIFT,1
2024,March,ROCP,TOBA TEK SINGH,ALTO,15
2024,March,ROCP,TOWNSHIP MOTORS,ALTO,38
2024,March,ROCP,TOWNSHIP MOTORS,SWIFT,7
2024,March,ROCP,WAZIRABAD MOTORS,ALTO,32
2024,March,ROCP,WAZIRABAD MOTORS,SWIFT,3
2024,March,ROCP,ZAFAR MOTORS,ALTO,18
2024,March,ROCP,ZAFAR MOTORS,SWIFT,1
2024,April,ROCP,AIRPORT MOTORS,ALTO,31
2024,April,ROCP,ALI JAN MOTORS,ALTO,41
2024,April,ROCP,ALI JAN MOTORS,SWIFT,2
2024,April,ROCP,BURJ MOTORS,ALTO,78
2024,April,ROCP,CANAL LAHORE,ALTO,53
2024,April,ROCP,CANAL LAHORE,SWIFT,7
2024,April,ROCP,CANAL MOTORS,ALTO,56
2024,April,ROCP,CANAL MOTORS,SWIFT,4
2024,April,ROCP,CHENAB MOTORS,ALTO,34
2024,April,ROCP,CHENAB MOTORS,SWIFT,2
2024,April,ROCP,CHUNIAN MOTORS,ALTO,20
2024,April,ROCP,CROWN MOTORS,ALTO,29
2024,April,ROCP,CROWN MOTORS,SWIFT,2
2024,April,ROCP,FALCON MOTORS,ALTO,41
2024,April,ROCP,GUJRANWALA MOTORS,ALTO,82
2024,April,ROCP,GUJRANWALA MOTORS,SWIFT,8
2024,April,ROCP,GUJRAT MOTORS,ALTO,65
2024,April,ROCP,GUJRAT MOTORS,SWIFT,4
2024,April,ROCP,HAFIZABAD MOTORS,ALTO,36
2024,April,ROCP,HAFIZABAD MOTORS,SWIFT,2
2024,April,ROCP,KASUR MOTORS,ALTO,22
2024,April,ROCP,KASUR MOTORS,SWIFT,2
2024,April,ROCP,KHALID MOTORS,ALTO,55
2024,April,ROCP,KHALID MOTORS,SWIFT,1
2024,April,ROCP,MADNI MOTORS,ALTO,27
2024,April,ROCP,MADNI MOTORS,SWIFT,1
2024,April,ROCP,MASTER MOTOR,ALTO,38
2024,April,ROCP,MASTER MOTOR,SWIFT,2
2024,April,ROCP,MINI MOTORS,ALTO,23
2024,April,ROCP,MINI MOTORS,SWIFT,3
2024,April,ROCP,MOTOR HOUSE,ALTO,22
2024,April,ROCP,MOTOR HOUSE,SWIFT,3
2024,April,ROCP,NAROWAL MOTORS,ALTO,20
2024,April,ROCP,NAROWAL MOTORS,SWIFT,3
2024,April,ROCP,OLYMPIA MOTORS,ALTO,21
2024,April,ROCP,PINE AVENUE MOTORS,ALTO,18
2024,April,ROCP,PREMIER MOTORS,ALTO,33
2024,April,ROCP,PRESTIGE MOTORS,ALTO,21
2024,April,ROCP,PRESTIGE MOTORS,SWIFT,1
2024,April,ROCP,RAIWIND MOTORS,ALTO,49
2024,April,ROCP,RAIWIND MOTORS,SWIFT,5
2024,April,ROCP,RAVI MOTORS,ALTO,19
2024,April,ROCP,SAMANABAD MOTORS,ALTO,22
2024,April,ROCP,SAMANABAD MOTORS,SWIFT,3
2024,April,ROCP,SANDAL BAR MOTORS,ALTO,29
2024,April,ROCP,SANDAL BAR MOTORS,SWIFT,3
2024,April,ROCP,SETHI MOTORS,ALTO,29
2024,April,ROCP,SETHI MOTORS,SWIFT,2
2024,April,ROCP,SHALIMAR MOTORS,ALTO,26
2024,April,ROCP,SHALIMAR MOTORS,SWIFT,4
2024,April,ROCP,SHEIKHAN MOTORS,ALTO,44
2024,April,ROCP,SHEIKHAN MOTORS,SWIFT,5
2024,April,ROCP,SIALKOT CITY MOTORS,ALTO,4
2024,April,ROCP,SUMMIT MOTORS,ALTO,49
2024,April,ROCP,SUMMIT MOTORS,SWIFT,6
2024,April,ROCP,TOBA TEK SINGH,ALTO,29
2024,April,ROCP,TOWNSHIP MOTORS,ALTO,52
2024,April,ROCP,TOWNSHIP MOTORS,SWIFT,6
2024,April,ROCP,WAZIRABAD MOTORS,ALTO,39
2024,April,ROCP,ZAFAR MOTORS,ALTO,35
2024,May,ROCP,AIRPORT MOTORS,ALTO,27
2024,May,ROCP,AIRPORT MOTORS,SWIFT,5
2024,May,ROCP,ALI JAN MOTORS,ALTO,23
2024,May,ROCP,ALI JAN MOTORS,SWIFT,7
2024,May,ROCP,BURJ MOTORS,ALTO,66
2024,May,ROCP,BURJ MOTORS,SWIFT,7
2024,May,ROCP,CANAL LAHORE,ALTO,32
2024,May,ROCP,CANAL LAHORE,SWIFT,6
2024,May,ROCP,CANAL MOTORS,ALTO,49
2024,May,ROCP,CANAL MOTORS,SWIFT,7
2024,May,ROCP,CHENAB MOTORS,ALTO,29
2024,May,ROCP,CHENAB MOTORS,SWIFT,1
2024,May,ROCP,CHUNIAN MOTORS,ALTO,12
2024,May,ROCP,CHUNIAN MOTORS,SWIFT,2
2024,May,ROCP,CROWN MOTORS,ALTO,21
2024,May,ROCP,CROWN MOTORS,SWIFT,5
2024,May,ROCP,FALCON MOTORS,ALTO,48
2024,May,ROCP,FALCON MOTORS,SWIFT,4
2024,May,ROCP,GUJRANWALA MOTORS,ALTO,54
2024,May,ROCP,GUJRANWALA MOTORS,SWIFT,7
2024,May,ROCP,GUJRAT MOTORS,ALTO,55
2024,May,ROCP,GUJRAT MOTORS,SWIFT,5
2024,May,ROCP,HAFIZABAD MOTORS,ALTO,27
2024,May,ROCP,HAFIZABAD MOTORS,SWIFT,5
2024,May,ROCP,KASUR MOTORS,ALTO,23
2024,May,ROCP,KASUR MOTORS,SWIFT,5
2024,May,ROCP,KHALID MOTORS,ALTO,35
2024,May,ROCP,KHALID MOTORS,SWIFT,6
2024,May,ROCP,MADNI MOTORS,ALTO,44
2024,May,ROCP,MADNI MOTORS,SWIFT,8
2024,May,ROCP,MASTER MOTOR,ALTO,33
2024,May,ROCP,MASTER MOTOR,SWIFT,8
2024,May,ROCP,MINI MOTORS,ALTO,29
2024,May,ROCP,MINI MOTORS,SWIFT,6
2024,May,ROCP,MOTOR HOUSE,ALTO,20
2024,May,ROCP,MOTOR HOUSE,SWIFT,6
2024,May,ROCP,NAROWAL MOTORS,ALTO,16
2024,May,ROCP,NAROWAL MOTORS,SWIFT,2
2024,May,ROCP,OLYMPIA MOTORS,ALTO,19
2024,May,ROCP,OLYMPIA MOTORS,SWIFT,2
2024,May,ROCP,PINE AVENUE MOTORS,ALTO,16
2024,May,ROCP,PINE AVENUE MOTORS,SWIFT,3
2024,May,ROCP,PREMIER MOTORS,ALTO,28
2024,May,ROCP,PREMIER MOTORS,SWIFT,4
2024,May,ROCP,PRESTIGE MOTORS,ALTO,21
2024,May,ROCP,PRESTIGE MOTORS,SWIFT,4
2024,May,ROCP,RAIWIND MOTORS,ALTO,41
2024,May,ROCP,RAIWIND MOTORS,SWIFT,5
2024,May,ROCP,RAVI MOTORS,ALTO,12
2024,May,ROCP,RAVI MOTORS,SWIFT,3
2024,May,ROCP,SAMANABAD MOTORS,ALTO,22
2024,May,ROCP,SAMANABAD MOTORS,SWIFT,5
2024,May,ROCP,SANDAL BAR MOTORS,ALTO,36
2024,May,ROCP,SANDAL BAR MOTORS,SWIFT,6
2024,May,ROCP,SETHI MOTORS,ALTO,41
2024,May,ROCP,SETHI MOTORS,SWIFT,7
2024,May,ROCP,SHALIMAR MOTORS,ALTO,29
2024,May,ROCP,SHALIMAR MOTORS,SWIFT,4
2024,May,ROCP,SHEIKHAN MOTORS,ALTO,38
2024,May,ROCP,SHEIKHAN MOTORS,SWIFT,9
2024,May,ROCP,SIALKOT CITY MOTORS,ALTO,2
2024,May,ROCP,SUMMIT MOTORS,ALTO,46
2024,May,ROCP,SUMMIT MOTORS,SWIFT,4
2024,May,ROCP,TOBA TEK SINGH,ALTO,11
2024,May,ROCP,TOBA TEK SINGH,SWIFT,2
2024,May,ROCP,TOWNSHIP MOTORS,ALTO,50
2024,May,ROCP,TOWNSHIP MOTORS,SWIFT,6
2024,May,ROCP,WAZIRABAD MOTORS,ALTO,30
2024,May,ROCP,WAZIRABAD MOTORS,SWIFT,10
2024,May,ROCP,ZAFAR MOTORS,ALTO,17
2024,May,ROCP,ZAFAR MOTORS,SWIFT,5
2024,June,ROCP,AIRPORT MOTORS,ALTO,40
2024,June,ROCP,AIRPORT MOTORS,SWIFT,3
2024,June,ROCP,ALI JAN MOTORS,ALTO,60
2024,June,ROCP,ALI JAN MOTORS,SWIFT,6
2024,June,ROCP,BURJ MOTORS,ALTO,45
2024,June,ROCP,BURJ MOTORS,SWIFT,11
2024,June,ROCP,CANAL LAHORE,ALTO,41
2024,June,ROCP,CANAL LAHORE,SWIFT,12
2024,June,ROCP,CANAL MOTORS,ALTO,66
2024,June,ROCP,CANAL MOTORS,SWIFT,13
2024,June,ROCP,CHENAB MOTORS,ALTO,28
2024,June,ROCP,CHENAB MOTORS,SWIFT,6
2024,June,ROCP,CHUNIAN MOTORS,ALTO,19
2024,June,ROCP,CHUNIAN MOTORS,SWIFT,7
2024,June,ROCP,CROWN MOTORS,ALTO,24
2024,June,ROCP,CROWN MOTORS,SWIFT,2
2024,June,ROCP,FALCON MOTORS,ALTO,39
2024,June,ROCP,FALCON MOTORS,SWIFT,1
2024,June,ROCP,GUJRANWALA MOTORS,ALTO,77
2024,June,ROCP,GUJRANWALA MOTORS,SWIFT,12
2024,June,ROCP,GUJRAT MOTORS,ALTO,42
2024,June,ROCP,GUJRAT MOTORS,SWIFT,3
2024,June,ROCP,HAFIZABAD MOTORS,ALTO,29
2024,June,ROCP,HAFIZABAD MOTORS,SWIFT,2
2024,June,ROCP,KASUR MOTORS,ALTO,28
2024,June,ROCP,KASUR MOTORS,SWIFT,2
2024,June,ROCP,KHALID MOTORS,ALTO,36
2024,June,ROCP,KHALID MOTORS,SWIFT,9
2024,June,ROCP,MADNI MOTORS,ALTO,44
2024,June,ROCP,MADNI MOTORS,SWIFT,10
2024,June,ROCP,MASTER MOTOR,ALTO,52
2024,June,ROCP,MASTER MOTOR,SWIFT,10
2024,June,ROCP,MINI MOTORS,ALTO,31
2024,June,ROCP,MINI MOTORS,SWIFT,4
2024,June,ROCP,MOTOR HOUSE,ALTO,27
2024,June,ROCP,MOTOR HOUSE,SWIFT,11
2024,June,ROCP,NAROWAL MOTORS,ALTO,14
2024,June,ROCP,NAROWAL MOTORS,SWIFT,2
2024,June,ROCP,OLYMPIA MOTORS,ALTO,17
2024,June,ROCP,OLYMPIA MOTORS,SWIFT,3
2024,June,ROCP,PINE AVENUE MOTORS,ALTO,27
2024,June,ROCP,PINE AVENUE MOTORS,SWIFT,2
2024,June,ROCP,PREMIER MOTORS,ALTO,28
2024,June,ROCP,PREMIER MOTORS,SWIFT,7
2024,June,ROCP,PRESTIGE MOTORS,ALTO,15
2024,June,ROCP,PRESTIGE MOTORS,SWIFT,2
2024,June,ROCP,RAIWIND MOTORS,ALTO,40
2024,June,ROCP,RAIWIND MOTORS,SWIFT,2
2024,June,ROCP,RAVI MOTORS,ALTO,24
2024,June,ROCP,RAVI MOTORS,SWIFT,1
2024,June,ROCP,SAMANABAD MOTORS,ALTO,27
2024,June,ROCP,SAMANABAD MOTORS,SWIFT,11
2024,June,ROCP,SANDAL BAR MOTORS,ALTO,25
2024,June,ROCP,SANDAL BAR MOTORS,SWIFT,5
2024,June,ROCP,SETHI MOTORS,ALTO,49
2024,June,ROCP,SETHI MOTORS,SWIFT,11
2024,June,ROCP,SHALIMAR MOTORS,ALTO,21
2024,June,ROCP,SHALIMAR MOTORS,SWIFT,8
2024,June,ROCP,SHEIKHAN MOTORS,ALTO,39
2024,June,ROCP,SHEIKHAN MOTORS,SWIFT,11
2024,June,ROCP,SIALKOT CITY MOTORS,ALTO,6
2024,June,ROCP,SIALKOT CITY MOTORS,SWIFT,1
2024,June,ROCP,SUMMIT MOTORS,ALTO,45
2024,June,ROCP,SUMMIT MOTORS,SWIFT,3
2024,June,ROCP,TOBA TEK SINGH,ALTO,11
2024,June,ROCP,TOBA TEK SINGH,SWIFT,1
2024,June,ROCP,TOWNSHIP MOTORS,ALTO,39
2024,June,ROCP,TOWNSHIP MOTORS,SWIFT,12
2024,June,ROCP,WAZIRABAD MOTORS,ALTO,33
2024,June,ROCP,WAZIRABAD MOTORS,SWIFT,11
2024,June,ROCP,ZAFAR MOTORS,ALTO,32
2024,June,ROCP,ZAFAR MOTORS,SWIFT,4
2024,July,ROCP,AIRPORT MOTORS,ALTO,16
2024,July,ROCP,AIRPORT MOTORS,SWIFT,6
2024,July,ROCP,ALI JAN MOTORS,ALTO,15
2024,July,ROCP,ALI JAN MOTORS,SWIFT,4
2024,July,ROCP,BURJ MOTORS,ALTO,40
2024,July,ROCP,BURJ MOTORS,SWIFT,6
2024,July,ROCP,CANAL LAHORE,ALTO,37
2024,July,ROCP,CANAL LAHORE,SWIFT,11
2024,July,ROCP,CANAL MOTORS,ALTO,41
2024,July,ROCP,CANAL MOTORS,SWIFT,6
2024,July,ROCP,CHENAB MOTORS,ALTO,26
2024,July,ROCP,CHUNIAN MOTORS,ALTO,10
2024,July,ROCP,CHUNIAN MOTORS,SWIFT,1
2024,July,ROCP,CROWN MOTORS,ALTO,25
2024,July,ROCP,CROWN MOTORS,SWIFT,2
2024,July,ROCP,FALCON MOTORS,ALTO,23
2024,July,ROCP,FALCON MOTORS,SWIFT,3
2024,July,ROCP,GUJRANWALA MOTORS,ALTO,32
2024,July,ROCP,GUJRANWALA MOTORS,SWIFT,3
2024,July,ROCP,GUJRAT MOTORS,ALTO,29
2024,July,ROCP,GUJRAT MOTORS,SWIFT,2
2024,July,ROCP,HAFIZABAD MOTORS,ALTO,21
2024,July,ROCP,HAFIZABAD MOTORS,SWIFT,4
2024,July,ROCP,KASUR MOTORS,ALTO,11
2024,July,ROCP,KASUR MOTORS,SWIFT,4
2024,July,ROCP,KHALID MOTORS,ALTO,31
2024,July,ROCP,KHALID MOTORS,SWIFT,6
2024,July,ROCP,MADNI MOTORS,ALTO,25
2024,July,ROCP,MADNI MOTORS,SWIFT,1
2024,July,ROCP,MASTER MOTOR,ALTO,25
2024,July,ROCP,MASTER MOTOR,SWIFT,7
2024,July,ROCP,MINI MOTORS,ALTO,35
2024,July,ROCP,MINI MOTORS,SWIFT,4
2024,July,ROCP,MOTOR HOUSE,ALTO,13
2024,July,ROCP,MOTOR HOUSE,SWIFT,1
2024,July,ROCP,NAROWAL MOTORS,ALTO,12
2024,July,ROCP,NAROWAL MOTORS,SWIFT,2
2024,July,ROCP,OLYMPIA MOTORS,ALTO,19
2024,July,ROCP,OLYMPIA MOTORS,SWIFT,2
2024,July,ROCP,PINE AVENUE MOTORS,ALTO,6
2024,July,ROCP,PREMIER MOTORS,ALTO,16
2024,July,ROCP,PREMIER MOTORS,SWIFT,3
2024,July,ROCP,PRESTIGE MOTORS,ALTO,13
2024,July,ROCP,PRESTIGE MOTORS,SWIFT,3
2024,July,ROCP,RAIWIND MOTORS,ALTO,39
2024,July,ROCP,RAIWIND MOTORS,SWIFT,4
2024,July,ROCP,RAVI MOTORS,ALTO,7
2024,July,ROCP,SAMANABAD MOTORS,ALTO,17
2024,July,ROCP,SAMANABAD MOTORS,SWIFT,2
2024,July,ROCP,SANDAL BAR MOTORS,ALTO,24
2024,July,ROCP,SANDAL BAR MOTORS,SWIFT,1
2024,July,ROCP,SETHI MOTORS,ALTO,15
2024,July,ROCP,SETHI MOTORS,SWIFT,7
2024,July,ROCP,SHALIMAR MOTORS,ALTO,16
2024,July,ROCP,SHALIMAR MOTORS,SWIFT,2
2024,July,ROCP,SHEIKHAN MOTORS,ALTO,30
2024,July,ROCP,SHEIKHAN MOTORS,SWIFT,1
2024,July,ROCP,SIALKOT CITY MOTORS,ALTO,1
2024,July,ROCP,SIALKOT CITY MOTORS,SWIFT,2
2024,July,ROCP,SUMMIT MOTORS,ALTO,30
2024,July,ROCP,SUMMIT MOTORS,SWIFT,4
2024,July,ROCP,TOBA TEK SINGH,ALTO,18
2024,July,ROCP,TOBA TEK SINGH,SWIFT,1
2024,July,ROCP,TOWNSHIP MOTORS,ALTO,32
2024,July,ROCP,TOWNSHIP MOTORS,SWIFT,4
2024,July,ROCP,WAZIRABAD MOTORS,ALTO,12
2024,July,ROCP,WAZIRABAD MOTORS,SWIFT,4
2024,July,ROCP,ZAFAR MOTORS,ALTO,15
2024,July,ROCP,ZAFAR MOTORS,SWIFT,6
2024,August,ROCP,AIRPORT MOTORS,ALTO,21
2024,August,ROCP,AIRPORT MOTORS,SWIFT,6
2024,August,ROCP,ALI JAN MOTORS,ALTO,21
2024,August,ROCP,ALI JAN MOTORS,SWIFT,6
2024,August,ROCP,BURJ MOTORS,ALTO,28
2024,August,ROCP,BURJ MOTORS,SWIFT,7
2024,August,ROCP,CANAL LAHORE,ALTO,29
2024,August,ROCP,CANAL LAHORE,SWIFT,5
2024,August,ROCP,CANAL MOTORS,ALTO,23
2024,August,ROCP,CANAL MOTORS,SWIFT,12
2024,August,ROCP,CHENAB MOTORS,ALTO,17
2024,August,ROCP,CHENAB MOTORS,SWIFT,2
2024,August,ROCP,CHUNIAN MOTORS,ALTO,10
2024,August,ROCP,CROWN MOTORS,ALTO,12
2024,August,ROCP,CROWN MOTORS,SWIFT,6
2024,August,ROCP,FALCON MOTORS,ALTO,13
2024,August,ROCP,FALCON MOTORS,SWIFT,2
2024,August,ROCP,GUJRANWALA MOTORS,ALTO,32
2024,August,ROCP,GUJRANWALA MOTORS,SWIFT,6
2024,August,ROCP,GUJRAT MOTORS,ALTO,32
2024,August,ROCP,GUJRAT MOTORS,SWIFT,4
2024,August,ROCP,HAFIZABAD MOTORS,ALTO,20
2024,August,ROCP,HAFIZABAD MOTORS,SWIFT,2
2024,August,ROCP,KASUR MOTORS,ALTO,16
2024,August,ROCP,KASUR MOTORS,SWIFT,2
2024,August,ROCP,KHALID MOTORS,ALTO,28
2024,August,ROCP,KHALID MOTORS,SWIFT,4
2024,August,ROCP,MADNI MOTORS,ALTO,22
2024,August,ROCP,MADNI MOTORS,SWIFT,9
2024,August,ROCP,MASTER MOTOR,ALTO,14
2024,August,ROCP,MASTER MOTOR,SWIFT,4
2024,August,ROCP,MINI MOTORS,ALTO,21
2024,August,ROCP,MINI MOTORS,SWIFT,6
2024,August,ROCP,MOTOR HOUSE,ALTO,21
2024,August,ROCP,MOTOR HOUSE,SWIFT,6
2024,August,ROCP,NAROWAL MOTORS,ALTO,14
2024,August,ROCP,OLYMPIA MOTORS,ALTO,5
2024,August,ROCP,OLYMPIA MOTORS,SWIFT,1
2024,August,ROCP,PINE AVENUE MOTORS,ALTO,3
2024,August,ROCP,PINE AVENUE MOTORS,SWIFT,2
2024,August,ROCP,PREMIER MOTORS,ALTO,12
2024,August,ROCP,PREMIER MOTORS,SWIFT,2
2024,August,ROCP,PRESTIGE MOTORS,ALTO,6
2024,August,ROCP,PRESTIGE MOTORS,SWIFT,3
2024,August,ROCP,RAIWIND MOTORS,ALTO,22
2024,August,ROCP,RAIWIND MOTORS,SWIFT,8
2024,August,ROCP,RAVI MOTORS,ALTO,13
2024,August,ROCP,RAVI MOTORS,SWIFT,2
2024,August,ROCP,SAMANABAD MOTORS,ALTO,12
2024,August,ROCP,SAMANABAD MOTORS,SWIFT,1
2024,August,ROCP,SANDAL BAR MOTORS,ALTO,16
2024,August,ROCP,SANDAL BAR MOTORS,SWIFT,3
2024,August,ROCP,SETHI MOTORS,ALTO,28
2024,August,ROCP,SETHI MOTORS,SWIFT,7
2024,August,ROCP,SHALIMAR MOTORS,ALTO,17
2024,August,ROCP,SHALIMAR MOTORS,SWIFT,3
2024,August,ROCP,SHEIKHAN MOTORS,ALTO,23
2024,August,ROCP,SHEIKHAN MOTORS,SWIFT,5
2024,August,ROCP,SIALKOT CITY MOTORS,SWIFT,2
2024,August,ROCP,SUMMIT MOTORS,ALTO,14
2024,August,ROCP,SUMMIT MOTORS,SWIFT,1
2024,August,ROCP,TOBA TEK SINGH,ALTO,16
2024,August,ROCP,TOBA TEK SINGH,SWIFT,2
2024,August,ROCP,TOWNSHIP MOTORS,ALTO,26
2024,August,ROCP,TOWNSHIP MOTORS,SWIFT,9
2024,August,ROCP,WAZIRABAD MOTORS,ALTO,21
2024,August,ROCP,WAZIRABAD MOTORS,SWIFT,9
2024,August,ROCP,ZAFAR MOTORS,ALTO,18
2024,August,ROCP,ZAFAR MOTORS,SWIFT,2
2024,September,ROCP,AIRPORT MOTORS,ALTO,27
2024,September,ROCP,AIRPORT MOTORS,SWIFT,2
2024,September,ROCP,ALI JAN MOTORS,ALTO,26
2024,September,ROCP,ALI JAN MOTORS,SWIFT,7
2024,September,ROCP,BURJ MOTORS,ALTO,44
2024,September,ROCP,BURJ MOTORS,SWIFT,5
2024,September,ROCP,CANAL LAHORE,ALTO,32
2024,September,ROCP,CANAL LAHORE,SWIFT,6
2024,September,ROCP,CANAL MOTORS,ALTO,41
2024,September,ROCP,CANAL MOTORS,SWIFT,11
2024,September,ROCP,CHENAB MOTORS,ALTO,16
2024,September,ROCP,CHENAB MOTORS,SWIFT,3
2024,September,ROCP,CHUNIAN MOTORS,ALTO,11
2024,September,ROCP,CROWN MOTORS,ALTO,29
2024,September,ROCP,CROWN MOTORS,SWIFT,1
2024,September,ROCP,FALCON MOTORS,ALTO,37
2024,September,ROCP,FALCON MOTORS,SWIFT,6
2024,September,ROCP,GUJRANWALA MOTORS,ALTO,33
2024,September,ROCP,GUJRANWALA MOTORS,SWIFT,6
2024,September,ROCP,GUJRAT MOTORS,ALTO,38
2024,September,ROCP,GUJRAT MOTORS,SWIFT,4
2024,September,ROCP,HAFIZABAD MOTORS,ALTO,23
2024,September,ROCP,HAFIZABAD MOTORS,SWIFT,1
2024,September,ROCP,KASUR MOTORS,ALTO,23
2024,September,ROCP,KASUR MOTORS,SWIFT,1
2024,September,ROCP,KHALID MOTORS,ALTO,44
2024,September,ROCP,KHALID MOTORS,SWIFT,9
2024,September,ROCP,MADNI MOTORS,ALTO,30
2024,September,ROCP,MADNI MOTORS,SWIFT,3
2024,September,ROCP,MASTER MOTOR,ALTO,33
2024,September,ROCP,MASTER MOTOR,SWIFT,8
2024,September,ROCP,MINI MOTORS,ALTO,28
2024,September,ROCP,MINI MOTORS,SWIFT,7
2024,September,ROCP,MOTOR HOUSE,ALTO,16
2024,September,ROCP,MOTOR HOUSE,SWIFT,2
2024,September,ROCP,NAROWAL MOTORS,ALTO,16
2024,September,ROCP,NAROWAL MOTORS,SWIFT,2
2024,September,ROCP,OLYMPIA MOTORS,ALTO,12
2024,September,ROCP,PINE AVENUE MOTORS,ALTO,4
2024,September,ROCP,PINE AVENUE MOTORS,SWIFT,2
2024,September,ROCP,PREMIER MOTORS,ALTO,16
2024,September,ROCP,PREMIER MOTORS,SWIFT,4
2024,September,ROCP,PRESTIGE MOTORS,ALTO,15
2024,September,ROCP,PRESTIGE MOTORS,SWIFT,3
2024,September,ROCP,RAIWIND MOTORS,ALTO,46
2024,September,ROCP,RAIWIND MOTORS,SWIFT,6
2024,September,ROCP,RAVI MOTORS,ALTO,11
2024,September,ROCP,RAVI MOTORS,SWIFT,3
2024,September,ROCP,SAMANABAD MOTORS,ALTO,22
2024,September,ROCP,SAMANABAD MOTORS,SWIFT,2
2024,September,ROCP,SANDAL BAR MOTORS,ALTO,21
2024,September,ROCP,SANDAL BAR MOTORS,SWIFT,5
2024,September,ROCP,SETHI MOTORS,ALTO,32
2024,September,ROCP,SETHI MOTORS,SWIFT,9
2024,September,ROCP,SHALIMAR MOTORS,ALTO,17
2024,September,ROCP,SHALIMAR MOTORS,SWIFT,1
2024,September,ROCP,SHEIKHAN MOTORS,ALTO,31
2024,September,ROCP,SHEIKHAN MOTORS,SWIFT,8
2024,September,ROCP,SIALKOT CITY MOTORS,ALTO,1
2024,September,ROCP,SIALKOT CITY MOTORS,SWIFT,4
2024,September,ROCP,SUMMIT MOTORS,ALTO,39
2024,September,ROCP,SUMMIT MOTORS,SWIFT,7
2024,September,ROCP,TOBA TEK SINGH,ALTO,14
2024,September,ROCP,TOBA TEK SINGH,SWIFT,1
2024,September,ROCP,TOWNSHIP MOTORS,ALTO,29
2024,September,ROCP,TOWNSHIP MOTORS,SWIFT,9
2024,September,ROCP,WAZIRABAD MOTORS,ALTO,33
2024,September,ROCP,WAZIRABAD MOTORS,SWIFT,7
2024,September,ROCP,ZAFAR MOTORS,ALTO,22
2024,September,ROCP,ZAFAR MOTORS,SWIFT,2
2024,October,ROCP,AIRPORT MOTORS,ALTO,24
2024,October,ROCP,AIRPORT MOTORS,SWIFT,2
2024,October,ROCP,ALI JAN MOTORS,ALTO,42
2024,October,ROCP,ALI JAN MOTORS,SWIFT,2
2024,October,ROCP,BURJ MOTORS,ALTO,57
2024,October,ROCP,BURJ MOTORS,SWIFT,2
2024,October,ROCP,CANAL LAHORE,ALTO,42
2024,October,ROCP,CANAL LAHORE,SWIFT,2
2024,October,ROCP,CANAL MOTORS,ALTO,47
2024,October,ROCP,CANAL MOTORS,SWIFT,2
2024,October,ROCP,CHENAB MOTORS,ALTO,33
2024,October,ROCP,CHENAB MOTORS,SWIFT,2
2024,October,ROCP,CHUNIAN MOTORS,ALTO,27
2024,October,ROCP,CROWN MOTORS,ALTO,33
2024,October,ROCP,CROWN MOTORS,SWIFT,2
2024,October,ROCP,FALCON MOTORS,ALTO,58
2024,October,ROCP,FALCON MOTORS,SWIFT,1
2024,October,ROCP,GUJRANWALA MOTORS,ALTO,54
2024,October,ROCP,GUJRANWALA MOTORS,SWIFT,2
2024,October,ROCP,GUJRAT MOTORS,ALTO,51
2024,October,ROCP,GUJRAT MOTORS,SWIFT,3
2024,October,ROCP,HAFIZABAD MOTORS,ALTO,29
2024,October,ROCP,HAFIZABAD MOTORS,SWIFT,3
2024,October,ROCP,KASUR MOTORS,ALTO,20
2024,October,ROCP,KASUR MOTORS,SWIFT,6
2024,October,ROCP,KHALID MOTORS,ALTO,45
2024,October,ROCP,KHALID MOTORS,SWIFT,2
2024,October,ROCP,MADNI MOTORS,ALTO,28
2024,October,ROCP,MADNI MOTORS,SWIFT,5
2024,October,ROCP,MASTER MOTOR,ALTO,52
2024,October,ROCP,MASTER MOTOR,SWIFT,2
2024,October,ROCP,MINI MOTORS,ALTO,79
2024,October,ROCP,MINI MOTORS,SWIFT,3
2024,October,ROCP,MOTOR HOUSE,ALTO,33
2024,October,ROCP,NAROWAL MOTORS,ALTO,22
2024,October,ROCP,NAROWAL MOTORS,SWIFT,1
2024,October,ROCP,OLYMPIA MOTORS,ALTO,17
2024,October,ROCP,OLYMPIA MOTORS,SWIFT,2
2024,October,ROCP,PINE AVENUE MOTORS,ALTO,19
2024,October,ROCP,PREMIER MOTORS,ALTO,36
2024,October,ROCP,PREMIER MOTORS,SWIFT,2
2024,October,ROCP,PRESTIGE MOTORS,ALTO,19
2024,October,ROCP,PRESTIGE MOTORS,SWIFT,2
2024,October,ROCP,RAIWIND MOTORS,ALTO,44
2024,October,ROCP,RAIWIND MOTORS,SWIFT,2
2024,October,ROCP,RAVI MOTORS,ALTO,31
2024,October,ROCP,SAMANABAD MOTORS,ALTO,20
2024,October,ROCP,SAMANABAD MOTORS,SWIFT,1
2024,October,ROCP,SANDAL BAR MOTORS,ALTO,23
2024,October,ROCP,SETHI MOTORS,ALTO,49
2024,October,ROCP,SETHI MOTORS,SWIFT,2
2024,October,ROCP,SHALIMAR MOTORS,ALTO,32
2024,October,ROCP,SHALIMAR MOTORS,SWIFT,2
2024,October,ROCP,SHEIKHAN MOTORS,ALTO,36
2024,October,ROCP,SHEIKHAN MOTORS,SWIFT,1
2024,October,ROCP,SIALKOT CITY MOTORS,ALTO,6
2024,October,ROCP,SUMMIT MOTORS,ALTO,47
2024,October,ROCP,SUMMIT MOTORS,SWIFT,5
2024,October,ROCP,TOBA TEK SINGH,ALTO,16
2024,October,ROCP,TOBA TEK SINGH,SWIFT,1
2024,October,ROCP,TOWNSHIP MOTORS,ALTO,51
2024,October,ROCP,TOWNSHIP MOTORS,SWIFT,11
2024,October,ROCP,WAZIRABAD MOTORS,ALTO,32
2024,October,ROCP,WAZIRABAD MOTORS,SWIFT,3
2024,October,ROCP,ZAFAR MOTORS,ALTO,45
2024,October,ROCP,ZAFAR MOTORS,SWIFT,1
2024,November,ROCP,AIRPORT MOTORS,ALTO,17
2024,November,ROCP,AIRPORT MOTORS,SWIFT,2
2024,November,ROCP,ALI JAN MOTORS,ALTO,30
2024,November,ROCP,ALI JAN MOTORS,SWIFT,5
2024,November,ROCP,BURJ MOTORS,ALTO,30
2024,November,ROCP,BURJ MOTORS,SWIFT,5
2024,November,ROCP,CANAL LAHORE,ALTO,20
2024,November,ROCP,CANAL LAHORE,SWIFT,13
2024,November,ROCP,CANAL MOTORS,ALTO,27
2024,November,ROCP,CANAL MOTORS,SWIFT,9
2024,November,ROCP,CHENAB MOTORS,ALTO,13
2024,November,ROCP,CHENAB MOTORS,SWIFT,7
2024,November,ROCP,CHUNIAN MOTORS,ALTO,13
2024,November,ROCP,CHUNIAN MOTORS,SWIFT,2
2024,November,ROCP,CROWN MOTORS,ALTO,17
2024,November,ROCP,CROWN MOTORS,SWIFT,2
2024,November,ROCP,FALCON MOTORS,ALTO,35
2024,November,ROCP,FALCON MOTORS,SWIFT,8
2024,November,ROCP,GUJRANWALA MOTORS,ALTO,32
2024,November,ROCP,GUJRANWALA MOTORS,SWIFT,8
2024,November,ROCP,GUJRAT MOTORS,ALTO,30
2024,November,ROCP,GUJRAT MOTORS,SWIFT,2
2024,November,ROCP,HAFIZABAD MOTORS,ALTO,17
2024,November,ROCP,HAFIZABAD MOTORS,SWIFT,1
2024,November,ROCP,KASUR MOTORS,ALTO,22
2024,November,ROCP,KASUR MOTORS,SWIFT,1
2024,November,ROCP,KHALID MOTORS,ALTO,34
2024,November,ROCP,KHALID MOTORS,SWIFT,7
2024,November,ROCP,MADNI MOTORS,ALTO,36
2024,November,ROCP,MADNI MOTORS,SWIFT,5
2024,November,ROCP,MASTER MOTOR,ALTO,24
2024,November,ROCP,MASTER MOTOR,SWIFT,2
2024,November,ROCP,MINI MOTORS,ALTO,34
2024,November,ROCP,MINI MOTORS,SWIFT,7
2024,November,ROCP,MOTOR HOUSE,ALTO,18
2024,November,ROCP,MOTOR HOUSE,SWIFT,5
2024,November,ROCP,NAROWAL MOTORS,ALTO,12
2024,November,ROCP,NAROWAL MOTORS,SWIFT,1
2024,November,ROCP,OLYMPIA MOTORS,ALTO,12
2024,November,ROCP,OLYMPIA MOTORS,SWIFT,3
2024,November,ROCP,PINE AVENUE MOTORS,ALTO,7
2024,November,ROCP,PINE AVENUE MOTORS,SWIFT,2
2024,November,ROCP,PREMIER MOTORS,ALTO,18
2024,November,ROCP,PREMIER MOTORS,SWIFT,4
2024,November,ROCP,PRESTIGE MOTORS,ALTO,22
2024,November,ROCP,PRESTIGE MOTORS,SWIFT,7
2024,November,ROCP,RAIWIND MOTORS,ALTO,40
2024,November,ROCP,RAIWIND MOTORS,SWIFT,3
2024,November,ROCP,RAVI MOTORS,ALTO,13
2024,November,ROCP,RAVI MOTORS,SWIFT,1
2024,November,ROCP,SAMANABAD MOTORS,ALTO,17
2024,November,ROCP,SAMANABAD MOTORS,SWIFT,1
2024,November,ROCP,SANDAL BAR MOTORS,ALTO,21
2024,November,ROCP,SANDAL BAR MOTORS,SWIFT,2
2024,November,ROCP,SETHI MOTORS,ALTO,28
2024,November,ROCP,SETHI MOTORS,SWIFT,5
2024,November,ROCP,SHALIMAR MOTORS,ALTO,13
2024,November,ROCP,SHALIMAR MOTORS,SWIFT,4
2024,November,ROCP,SHEIKHAN MOTORS,ALTO,19
2024,November,ROCP,SHEIKHAN MOTORS,SWIFT,12
2024,November,ROCP,SIALKOT CITY MOTORS,ALTO,4
2024,November,ROCP,SUMMIT MOTORS,ALTO,28
2024,November,ROCP,SUMMIT MOTORS,SWIFT,6
2024,November,ROCP,TOBA TEK SINGH,ALTO,9
2024,November,ROCP,TOWNSHIP MOTORS,ALTO,31
2024,November,ROCP,TOWNSHIP MOTORS,SWIFT,23
2024,November,ROCP,WAZIRABAD MOTORS,ALTO,21
2024,November,ROCP,WAZIRABAD MOTORS,SWIFT,7
2024,November,ROCP,ZAFAR MOTORS,ALTO,19
2024,November,ROCP,ZAFAR MOTORS,SWIFT,9
2024,December,ROCP,AIRPORT MOTORS,ALTO,31
2024,December,ROCP,AIRPORT MOTORS,SWIFT,8
2024,December,ROCP,ALI JAN MOTORS,ALTO,30
2024,December,ROCP,ALI JAN MOTORS,SWIFT,2
2024,December,ROCP,BURJ MOTORS,ALTO,56
2024,December,ROCP,BURJ MOTORS,SWIFT,4
2024,December,ROCP,CANAL LAHORE,ALTO,52
2024,December,ROCP,CANAL LAHORE,SWIFT,5
2024,December,ROCP,CANAL MOTORS,ALTO,53
2024,December,ROCP,CANAL MOTORS,SWIFT,7
2024,December,ROCP,CHENAB MOTORS,ALTO,30
2024,December,ROCP,CHENAB MOTORS,SWIFT,2
2024,December,ROCP,CHUNIAN MOTORS,ALTO,15
2024,December,ROCP,CROWN MOTORS,ALTO,33
2024,December,ROCP,CROWN MOTORS,SWIFT,1
2024,December,ROCP,FALCON MOTORS,ALTO,64
2024,December,ROCP,FALCON MOTORS,SWIFT,2
2024,December,ROCP,GUJRANWALA MOTORS,ALTO,55
2024,December,ROCP,GUJRANWALA MOTORS,SWIFT,12
2024,December,ROCP,GUJRAT MOTORS,ALTO,48
2024,December,ROCP,GUJRAT MOTORS,SWIFT,6
2024,December,ROCP,HAFIZABAD MOTORS,ALTO,38
2024,December,ROCP,HAFIZABAD MOTORS,SWIFT,4
2024,December,ROCP,KASUR MOTORS,ALTO,24
2024,December,ROCP,KHALID MOTORS,ALTO,52
2024,December,ROCP,KHALID MOTORS,SWIFT,12
2024,December,ROCP,MADNI MOTORS,ALTO,37
2024,December,ROCP,MADNI MOTORS,SWIFT,5
2024,December,ROCP,MASTER MOTOR,ALTO,69
2024,December,ROCP,MASTER MOTOR,SWIFT,5
2024,December,ROCP,MINI MOTORS,ALTO,44
2024,December,ROCP,MINI MOTORS,SWIFT,1
2024,December,ROCP,MOTOR HOUSE,ALTO,20
2024,December,ROCP,MOTOR HOUSE,SWIFT,2
2024,December,ROCP,NAROWAL MOTORS,ALTO,13
2024,December,ROCP,NAROWAL MOTORS,SWIFT,1
2024,December,ROCP,OLYMPIA MOTORS,ALTO,14
2024,December,ROCP,OLYMPIA MOTORS,SWIFT,5
2024,December,ROCP,PINE AVENUE MOTORS,ALTO,12
2024,December,ROCP,PINE AVENUE MOTORS,SWIFT,19
2024,December,ROCP,PREMIER MOTORS,ALTO,15
2024,December,ROCP,PREMIER MOTORS,SWIFT,2
2024,December,ROCP,PRESTIGE MOTORS,ALTO,26
2024,December,ROCP,PRESTIGE MOTORS,SWIFT,6
2024,December,ROCP,RAIWIND MOTORS,ALTO,51
2024,December,ROCP,RAIWIND MOTORS,SWIFT,9
2024,December,ROCP,RAVI MOTORS,ALTO,33
2024,December,ROCP,RAVI MOTORS,SWIFT,2
2024,December,ROCP,SAMANABAD MOTORS,ALTO,18
2024,December,ROCP,SAMANABAD MOTORS,SWIFT,5
2024,December,ROCP,SANDAL BAR MOTORS,ALTO,26
2024,December,ROCP,SANDAL BAR MOTORS,SWIFT,3
2024,December,ROCP,SETHI MOTORS,ALTO,45
2024,December,ROCP,SETHI MOTORS,SWIFT,23
2024,December,ROCP,SHALIMAR MOTORS,ALTO,28
2024,December,ROCP,SHALIMAR MOTORS,SWIFT,6
2024,December,ROCP,SHEIKHAN MOTORS,ALTO,29
2024,December,ROCP,SHEIKHAN MOTORS,SWIFT,10
2024,December,ROCP,SIALKOT CITY MOTORS,ALTO,10
2024,December,ROCP,SIALKOT CITY MOTORS,SWIFT,3
2024,December,ROCP,SUMMIT MOTORS,ALTO,48
2024,December,ROCP,SUMMIT MOTORS,SWIFT,9
2024,December,ROCP,TOBA TEK SINGH,ALTO,14
2024,December,ROCP,TOWNSHIP MOTORS,ALTO,84
2024,December,ROCP,TOWNSHIP MOTORS,SWIFT,9
2024,December,ROCP,WAZIRABAD MOTORS,ALTO,29
2024,December,ROCP,WAZIRABAD MOTORS,SWIFT,10
2024,December,ROCP,ZAFAR MOTORS,ALTO,47
2024,December,ROCP,ZAFAR MOTORS,SWIFT,5
2025,January,ROCP,AIRPORT MOTORS,ALTO,36
2025,January,ROCP,AIRPORT MOTORS,SWIFT,7
2025,January,ROCP,ALI JAN MOTORS,ALTO,51
2025,January,ROCP,ALI JAN MOTORS,SWIFT,5
2025,January,ROCP,BURJ MOTORS,ALTO,54
2025,January,ROCP,BURJ MOTORS,SWIFT,10
2025,January,ROCP,CANAL LAHORE,ALTO,52
2025,January,ROCP,CANAL LAHORE,SWIFT,13
2025,January,ROCP,CANAL MOTORS,ALTO,58
2025,January,ROCP,CANAL MOTORS,SWIFT,12
2025,January,ROCP,CHENAB MOTORS,ALTO,27
2025,January,ROCP,CHENAB MOTORS,SWIFT,5
2025,January,ROCP,CHUNIAN MOTORS,ALTO,26
2025,January,ROCP,CHUNIAN MOTORS,SWIFT,1
2025,January,ROCP,CROWN MOTORS,ALTO,39
2025,January,ROCP,CROWN MOTORS,SWIFT,6
2025,January,ROCP,FALCON MOTORS,ALTO,56
2025,January,ROCP,FALCON MOTORS,SWIFT,5
2025,January,ROCP,GUJRANWALA MOTORS,ALTO,75
2025,January,ROCP,GUJRANWALA MOTORS,SWIFT,9
2025,January,ROCP,GUJRAT MOTORS,ALTO,49
2025,January,ROCP,GUJRAT MOTORS,SWIFT,3
2025,January,ROCP,HAFIZABAD MOTORS,ALTO,42
2025,January,ROCP,HAFIZABAD MOTORS,SWIFT,3
2025,January,ROCP,KASUR MOTORS,ALTO,43
2025,January,ROCP,KASUR MOTORS,SWIFT,3
2025,January,ROCP,KHALID MOTORS,ALTO,71
2025,January,ROCP,KHALID MOTORS,SWIFT,7
2025,January,ROCP,MADNI MOTORS,ALTO,52
2025,January,ROCP,MADNI MOTORS,SWIFT,8
2025,January,ROCP,MASTER MOTOR,ALTO,46
2025,January,ROCP,MASTER MOTOR,SWIFT,11
2025,January,ROCP,MINI MOTORS,ALTO,40
2025,January,ROCP,MINI MOTORS,SWIFT,13
2025,January,ROCP,MOTOR HOUSE,ALTO,45
2025,January,ROCP,MOTOR HOUSE,SWIFT,4
2025,January,ROCP,NAROWAL MOTORS,ALTO,20
2025,January,ROCP,NAROWAL MOTORS,SWIFT,2
2025,January,ROCP,OLYMPIA MOTORS,ALTO,25
2025,January,ROCP,OLYMPIA MOTORS,SWIFT,2
2025,January,ROCP,PINE AVENUE MOTORS,ALTO,15
2025,January,ROCP,PINE AVENUE MOTORS,SWIFT,6
2025,January,ROCP,PREMIER MOTORS,ALTO,31
2025,January,ROCP,PREMIER MOTORS,SWIFT,8
2025,January,ROCP,PRESTIGE MOTORS,ALTO,23
2025,January,ROCP,PRESTIGE MOTORS,SWIFT,4
2025,January,ROCP,RAIWIND MOTORS,ALTO,51
2025,January,ROCP,RAIWIND MOTORS,SWIFT,16
2025,January,ROCP,RAVI MOTORS,ALTO,24
2025,January,ROCP,RAVI MOTORS,SWIFT,5
2025,January,ROCP,SAMANABAD MOTORS,ALTO,36
2025,January,ROCP,SAMANABAD MOTORS,SWIFT,4
2025,January,ROCP,SANDAL BAR MOTORS,ALTO,37
2025,January,ROCP,SANDAL BAR MOTORS,SWIFT,6
2025,January,ROCP,SETHI MOTORS,ALTO,47
2025,January,ROCP,SETHI MOTORS,SWIFT,17
2025,January,ROCP,SHALIMAR MOTORS,ALTO,44
2025,January,ROCP,SHALIMAR MOTORS,SWIFT,7
2025,January,ROCP,SHEIKHAN MOTORS,ALTO,56
2025,January,ROCP,SHEIKHAN MOTORS,SWIFT,11
2025,January,ROCP,SIALKOT CITY MOTORS,ALTO,4
2025,January,ROCP,SIALKOT CITY MOTORS,SWIFT,4
2025,January,ROCP,SUMMIT MOTORS,ALTO,57
2025,January,ROCP,SUMMIT MOTORS,SWIFT,6
2025,January,ROCP,TOBA TEK SINGH,ALTO,27
2025,January,ROCP,TOBA TEK SINGH,SWIFT,3
2025,January,ROCP,TOWNSHIP MOTORS,ALTO,69
2025,January,ROCP,TOWNSHIP MOTORS,SWIFT,17
2025,January,ROCP,WAZIRABAD MOTORS,ALTO,46
2025,January,ROCP,WAZIRABAD MOTORS,SWIFT,8
2025,January,ROCP,ZAFAR MOTORS,ALTO,41
2025,January,ROCP,ZAFAR MOTORS,SWIFT,6
2025,February,ROCP,AIRPORT MOTORS,ALTO,22
2025,February,ROCP,AIRPORT MOTORS,SWIFT,3
2025,February,ROCP,ALI JAN MOTORS,ALTO,26
2025,February,ROCP,ALI JAN MOTORS,SWIFT,3
2025,February,ROCP,BURJ MOTORS,ALTO,50
2025,February,ROCP,BURJ MOTORS,SWIFT,8
2025,February,ROCP,CANAL LAHORE,ALTO,38
2025,February,ROCP,CANAL LAHORE,SWIFT,5
2025,February,ROCP,CANAL MOTORS,ALTO,36
2025,February,ROCP,CANAL MOTORS,SWIFT,7
2025,February,ROCP,CHENAB MOTORS,ALTO,19
2025,February,ROCP,CHENAB MOTORS,SWIFT,1
2025,February,ROCP,CHUNIAN MOTORS,ALTO,16
2025,February,ROCP,CROWN MOTORS,ALTO,19
2025,February,ROCP,CROWN MOTORS,SWIFT,3
2025,February,ROCP,FALCON MOTORS,ALTO,38
2025,February,ROCP,FALCON MOTORS,SWIFT,2
2025,February,ROCP,GUJRANWALA MOTORS,ALTO,25
2025,February,ROCP,GUJRANWALA MOTORS,SWIFT,7
2025,February,ROCP,GUJRAT MOTORS,ALTO,27
2025,February,ROCP,GUJRAT MOTORS,SWIFT,2
2025,February,ROCP,HAFIZABAD MOTORS,ALTO,22
2025,February,ROCP,HAFIZABAD MOTORS,SWIFT,2
2025,February,ROCP,KASUR MOTORS,ALTO,20
2025,February,ROCP,KASUR MOTORS,SWIFT,4
2025,February,ROCP,KHALID MOTORS,ALTO,40
2025,February,ROCP,KHALID MOTORS,SWIFT,6
2025,February,ROCP,MADNI MOTORS,ALTO,24
2025,February,ROCP,MADNI MOTORS,SWIFT,3
2025,February,ROCP,MASTER MOTOR,ALTO,40
2025,February,ROCP,MASTER MOTOR,SWIFT,10
2025,February,ROCP,MINI MOTORS,ALTO,38
2025,February,ROCP,MINI MOTORS,SWIFT,18
2025,February,ROCP,MOTOR HOUSE,ALTO,29
2025,February,ROCP,MOTOR HOUSE,SWIFT,9
2025,February,ROCP,NAROWAL MOTORS,ALTO,15
2025,February,ROCP,OLYMPIA MOTORS,ALTO,12
2025,February,ROCP,OLYMPIA MOTORS,SWIFT,3
2025,February,ROCP,PINE AVENUE MOTORS,ALTO,14
2025,February,ROCP,PINE AVENUE MOTORS,SWIFT,6
2025,February,ROCP,PREMIER MOTORS,ALTO,20
2025,February,ROCP,PRESTIGE MOTORS,ALTO,15
2025,February,ROCP,PRESTIGE MOTORS,SWIFT,1
2025,February,ROCP,RAIWIND MOTORS,ALTO,39
2025,February,ROCP,RAIWIND MOTORS,SWIFT,6
2025,February,ROCP,RAVI MOTORS,ALTO,19
2025,February,ROCP,RAVI MOTORS,SWIFT,2
2025,February,ROCP,SAMANABAD MOTORS,ALTO,15
2025,February,ROCP,SAMANABAD MOTORS,SWIFT,2
2025,February,ROCP,SANDAL BAR MOTORS,ALTO,23
2025,February,ROCP,SANDAL BAR MOTORS,SWIFT,2
2025,February,ROCP,SETHI MOTORS,ALTO,37
2025,February,ROCP,SETHI MOTORS,SWIFT,11
2025,February,ROCP,SHALIMAR MOTORS,ALTO,19
2025,February,ROCP,SHALIMAR MOTORS,SWIFT,2
2025,February,ROCP,SHEIKHAN MOTORS,ALTO,28
2025,February,ROCP,SHEIKHAN MOTORS,SWIFT,6
2025,February,ROCP,SIALKOT CITY MOTORS,ALTO,1
2025,February,ROCP,SIALKOT CITY MOTORS,SWIFT,1
2025,February,ROCP,SUMMIT MOTORS,ALTO,36
2025,February,ROCP,SUMMIT MOTORS,SWIFT,6
2025,February,ROCP,TOBA TEK SINGH,ALTO,15
2025,February,ROCP,TOBA TEK SINGH,SWIFT,1
2025,February,ROCP,TOWNSHIP MOTORS,ALTO,32
2025,February,ROCP,TOWNSHIP MOTORS,SWIFT,5
2025,February,ROCP,WAZIRABAD MOTORS,ALTO,27
2025,February,ROCP,WAZIRABAD MOTORS,SWIFT,4
2025,February,ROCP,ZAFAR MOTORS,ALTO,25
2025,February,ROCP,ZAFAR MOTORS,SWIFT,4
2025,March,ROCP,AIRPORT MOTORS,ALTO,17
2025,March,ROCP,AIRPORT MOTORS,SWIFT,4
2025,March,ROCP,ALI JAN MOTORS,ALTO,33
2025,March,ROCP,ALI JAN MOTORS,SWIFT,4
2025,March,ROCP,BURJ MOTORS,ALTO,38
2025,March,ROCP,BURJ MOTORS,SWIFT,9
2025,March,ROCP,CANAL LAHORE,ALTO,22
2025,March,ROCP,CANAL LAHORE,SWIFT,4
2025,March,ROCP,CANAL MOTORS,ALTO,29
2025,March,ROCP,CANAL MOTORS,SWIFT,10
2025,March,ROCP,CHENAB MOTORS,ALTO,22
2025,March,ROCP,CHENAB MOTORS,SWIFT,2
2025,March,ROCP,CHUNIAN MOTORS,ALTO,14
2025,March,ROCP,CHUNIAN MOTORS,SWIFT,1
2025,March,ROCP,CROWN MOTORS,ALTO,16
2025,March,ROCP,CROWN MOTORS,SWIFT,4
2025,March,ROCP,FALCON MOTORS,ALTO,43
2025,March,ROCP,FALCON MOTORS,SWIFT,5
2025,March,ROCP,GUJRANWALA MOTORS,ALTO,31
2025,March,ROCP,GUJRANWALA MOTORS,SWIFT,8
2025,March,ROCP,GUJRAT MOTORS,ALTO,38
2025,March,ROCP,GUJRAT MOTORS,SWIFT,2
2025,March,ROCP,HAFIZABAD MOTORS,ALTO,19
2025,March,ROCP,HAFIZABAD MOTORS,SWIFT,1
2025,March,ROCP,KASUR MOTORS,ALTO,10
2025,March,ROCP,KASUR MOTORS,SWIFT,2
2025,March,ROCP,KHALID MOTORS,ALTO,32
2025,March,ROCP,KHALID MOTORS,SWIFT,2
2025,March,ROCP,MADNI MOTORS,ALTO,19
2025,March,ROCP,MADNI MOTORS,SWIFT,5
2025,March,ROCP,MASTER MOTOR,ALTO,28
2025,March,ROCP,MASTER MOTOR,SWIFT,2
2025,March,ROCP,MINI MOTORS,ALTO,29
2025,March,ROCP,MINI MOTORS,SWIFT,3
2025,March,ROCP,MOTOR HOUSE,ALTO,15
2025,March,ROCP,MOTOR HOUSE,SWIFT,4
2025,March,ROCP,NAROWAL MOTORS,ALTO,6
2025,March,ROCP,NAROWAL MOTORS,SWIFT,1
2025,March,ROCP,OLYMPIA MOTORS,ALTO,11
2025,March,ROCP,OLYMPIA MOTORS,SWIFT,1
2025,March,ROCP,PINE AVENUE MOTORS,ALTO,6
2025,March,ROCP,PINE AVENUE MOTORS,SWIFT,1
2025,March,ROCP,PREMIER MOTORS,ALTO,18
2025,March,ROCP,PREMIER MOTORS,SWIFT,2
2025,March,ROCP,PRESTIGE MOTORS,ALTO,8
2025,March,ROCP,PRESTIGE MOTORS,SWIFT,3
2025,March,ROCP,RAIWIND MOTORS,ALTO,25
2025,March,ROCP,RAIWIND MOTORS,SWIFT,9
2025,March,ROCP,RAVI MOTORS,ALTO,14
2025,March,ROCP,RAVI MOTORS,SWIFT,3
2025,March,ROCP,SAMANABAD MOTORS,ALTO,16
2025,March,ROCP,SANDAL BAR MOTORS,ALTO,23
2025,March,ROCP,SANDAL BAR MOTORS,SWIFT,3
2025,March,ROCP,SETHI MOTORS,ALTO,30
2025,March,ROCP,SETHI MOTORS,SWIFT,2
2025,March,ROCP,SHALIMAR MOTORS,ALTO,20
2025,March,ROCP,SHALIMAR MOTORS,SWIFT,3
2025,March,ROCP,SHEIKHAN MOTORS,ALTO,27
2025,March,ROCP,SHEIKHAN MOTORS,SWIFT,4
2025,March,ROCP,SIALKOT CITY MOTORS,ALTO,4
2025,March,ROCP,SIALKOT CITY MOTORS,SWIFT,3
2025,March,ROCP,SUMMIT MOTORS,ALTO,31
2025,March,ROCP,SUMMIT MOTORS,SWIFT,8
2025,March,ROCP,TOBA TEK SINGH,ALTO,22
2025,March,ROCP,TOBA TEK SINGH,SWIFT,2
2025,March,ROCP,TOWNSHIP MOTORS,ALTO,26
2025,March,ROCP,TOWNSHIP MOTORS,SWIFT,10
2025,March,ROCP,WAZIRABAD MOTORS,ALTO,24
2025,March,ROCP,WAZIRABAD MOTORS,SWIFT,9
2025,March,ROCP,ZAFAR MOTORS,ALTO,18
2025,March,ROCP,ZAFAR MOTORS,SWIFT,1
2025,April,ROCP,AIRPORT MOTORS,ALTO,20
2025,April,ROCP,ALI JAN MOTORS,ALTO,16
2025,April,ROCP,BURJ MOTORS,ALTO,26
2025,April,ROCP,BURJ MOTORS,SWIFT,1
2025,April,ROCP,CANAL LAHORE,ALTO,16
2025,April,ROCP,CANAL LAHORE,SWIFT,3
2025,April,ROCP,CANAL MOTORS,ALTO,22
2025,April,ROCP,CANAL MOTORS,SWIFT,1
2025,April,ROCP,CHENAB MOTORS,ALTO,17
2025,April,ROCP,CHUNIAN MOTORS,ALTO,8
2025,April,ROCP,CROWN MOTORS,ALTO,7
2025,April,ROCP,FALCON MOTORS,ALTO,27
2025,April,ROCP,FALCON MOTORS,SWIFT,3
2025,April,ROCP,GUJRANWALA MOTORS,ALTO,16
2025,April,ROCP,GUJRANWALA MOTORS,SWIFT,3
2025,April,ROCP,GUJRAT MOTORS,ALTO,17
2025,April,ROCP,GUJRAT MOTORS,SWIFT,1
2025,April,ROCP,HAFIZABAD MOTORS,ALTO,15
2025,April,ROCP,KASUR MOTORS,ALTO,5
2025,April,ROCP,KASUR MOTORS,SWIFT,1
2025,April,ROCP,KHALID MOTORS,ALTO,28
2025,April,ROCP,KHALID MOTORS,SWIFT,2
2025,April,ROCP,MADNI MOTORS,ALTO,15
2025,April,ROCP,MADNI MOTORS,SWIFT,1
2025,April,ROCP,MASTER MOTOR,ALTO,10
2025,April,ROCP,MASTER MOTOR,SWIFT,1
2025,April,ROCP,MINI MOTORS,ALTO,14
2025,April,ROCP,MINI MOTORS,SWIFT,2
2025,April,ROCP,MOTOR HOUSE,ALTO,10
2025,April,ROCP,MOTOR HOUSE,SWIFT,1
2025,April,ROCP,NAROWAL MOTORS,ALTO,11
2025,April,ROCP,OLYMPIA MOTORS,ALTO,11
2025,April,ROCP,PINE AVENUE MOTORS,ALTO,9
2025,April,ROCP,PINE AVENUE MOTORS,SWIFT,1
2025,April,ROCP,PREMIER MOTORS,ALTO,8
2025,April,ROCP,PRESTIGE MOTORS,ALTO,7
2025,April,ROCP,RAIWIND MOTORS,ALTO,5
2025,April,ROCP,RAVI MOTORS,ALTO,8
2025,April,ROCP,SAMANABAD MOTORS,ALTO,8
2025,April,ROCP,SANDAL BAR MOTORS,ALTO,6
2025,April,ROCP,SANDAL BAR MOTORS,SWIFT,1
2025,April,ROCP,SETHI MOTORS,ALTO,14
2025,April,ROCP,SETHI MOTORS,SWIFT,3
2025,April,ROCP,SHALIMAR MOTORS,ALTO,10
2025,April,ROCP,SHALIMAR MOTORS,SWIFT,1
2025,April,ROCP,SHEIKHAN MOTORS,ALTO,9
2025,April,ROCP,SIALKOT CITY MOTORS,ALTO,2
2025,April,ROCP,SUMMIT MOTORS,ALTO,21
2025,April,ROCP,SUMMIT MOTORS,SWIFT,1
2025,April,ROCP,TOBA TEK SINGH,ALTO,10
2025,April,ROCP,TOWNSHIP MOTORS,ALTO,12
2025,April,ROCP,TOWNSHIP MOTORS,SWIFT,1
2025,April,ROCP,WAZIRABAD MOTORS,ALTO,15
2025,April,ROCP,WAZIRABAD MOTORS,SWIFT,2
2025,April,ROCP,ZAFAR MOTORS,ALTO,10
2025,May,ROCP,AIRPORT MOTORS,ALTO,21
2025,May,ROCP,AIRPORT MOTORS,SWIFT,7
2025,May,ROCP,ALI JAN MOTORS,ALTO,20
2025,May,ROCP,ALI JAN MOTORS,SWIFT,4
2025,May,ROCP,BURJ MOTORS,ALTO,23
2025,May,ROCP,BURJ MOTORS,SWIFT,3
2025,May,ROCP,CANAL LAHORE,ALTO,24
2025,May,ROCP,CANAL LAHORE,SWIFT,5
2025,May,ROCP,CANAL MOTORS,ALTO,18
2025,May,ROCP,CANAL MOTORS,SWIFT,5
2025,May,ROCP,CHENAB MOTORS,ALTO,11
2025,May,ROCP,CHENAB MOTORS,SWIFT,1
2025,May,ROCP,CHUNIAN MOTORS,ALTO,15
2025,May,ROCP,CHUNIAN MOTORS,SWIFT,1
2025,May,ROCP,CROWN MOTORS,ALTO,10
2025,May,ROCP,CROWN MOTORS,SWIFT,5
2025,May,ROCP,FALCON MOTORS,ALTO,20
2025,May,ROCP,FALCON MOTORS,SWIFT,4
2025,May,ROCP,GUJRANWALA MOTORS,ALTO,33
2025,May,ROCP,GUJRANWALA MOTORS,SWIFT,4
2025,May,ROCP,GUJRAT MOTORS,ALTO,33
2025,May,ROCP,GUJRAT MOTORS,SWIFT,1
2025,May,ROCP,HAFIZABAD MOTORS,ALTO,23
2025,May,ROCP,HAFIZABAD MOTORS,SWIFT,1
2025,May,ROCP,KASUR MOTORS,ALTO,15
2025,May,ROCP,KASUR MOTORS,SWIFT,1
2025,May,ROCP,KHALID MOTORS,ALTO,20
2025,May,ROCP,KHALID MOTORS,SWIFT,6
2025,May,ROCP,MADINA MOTORS,ALTO,8
2025,May,ROCP,MADNI MOTORS,ALTO,17
2025,May,ROCP,MADNI MOTORS,SWIFT,5
2025,May,ROCP,MASTER MOTOR,ALTO,19
2025,May,ROCP,MASTER MOTOR,SWIFT,5
2025,May,ROCP,MINI MOTORS,ALTO,17
2025,May,ROCP,MINI MOTORS,SWIFT,2
2025,May,ROCP,MOTOR HOUSE,ALTO,17
2025,May,ROCP,MOTOR HOUSE,SWIFT,2
2025,May,ROCP,NAROWAL MOTORS,ALTO,13
2025,May,ROCP,NAROWAL MOTORS,SWIFT,2
2025,May,ROCP,OLYMPIA MOTORS,ALTO,7
2025,May,ROCP,OLYMPIA MOTORS,SWIFT,4
2025,May,ROCP,PINE AVENUE MOTORS,ALTO,2
2025,May,ROCP,PINE AVENUE MOTORS,SWIFT,3
2025,May,ROCP,PREMIER MOTORS,ALTO,20
2025,May,ROCP,PREMIER MOTORS,SWIFT,2
2025,May,ROCP,PRESTIGE MOTORS,ALTO,17
2025,May,ROCP,PRESTIGE MOTORS,SWIFT,2
2025,May,ROCP,RAIWIND MOTORS,ALTO,33
2025,May,ROCP,RAIWIND MOTORS,SWIFT,3
2025,May,ROCP,RAVI MOTORS,ALTO,16
2025,May,ROCP,RAVI MOTORS,SWIFT,2
2025,May,ROCP,SAMANABAD MOTORS,ALTO,17
2025,May,ROCP,SAMANABAD MOTORS,SWIFT,2
2025,May,ROCP,SANDAL BAR MOTORS,ALTO,14
2025,May,ROCP,SANDAL BAR MOTORS,SWIFT,4
2025,May,ROCP,SETHI MOTORS,ALTO,40
2025,May,ROCP,SETHI MOTORS,SWIFT,9
2025,May,ROCP,SHALIMAR MOTORS,ALTO,29
2025,May,ROCP,SHALIMAR MOTORS,SWIFT,2
2025,May,ROCP,SHEIKHAN MOTORS,ALTO,19
2025,May,ROCP,SHEIKHAN MOTORS,SWIFT,2
2025,May,ROCP,SIALKOT CITY MOTORS,ALTO,2
2025,May,ROCP,SIALKOT CITY MOTORS,SWIFT,2
2025,May,ROCP,SUMMIT MOTORS,ALTO,20
2025,May,ROCP,SUMMIT MOTORS,SWIFT,3
2025,May,ROCP,TOBA TEK SINGH,ALTO,8
2025,May,ROCP,TOBA TEK SINGH,SWIFT,2
2025,May,ROCP,TOWNSHIP MOTORS,ALTO,25
2025,May,ROCP,TOWNSHIP MOTORS,SWIFT,5
2025,May,ROCP,WAZIRABAD MOTORS,ALTO,25
2025,May,ROCP,WAZIRABAD MOTORS,SWIFT,7
2025,May,ROCP,ZAFAR MOTORS,ALTO,17
2025,May,ROCP,ZAFAR MOTORS,SWIFT,2
2025,June,ROCP,AIRPORT MOTORS,ALTO,68
2025,June,ROCP,AIRPORT MOTORS,SWIFT,13
2025,June,ROCP,ALI JAN MOTORS,ALTO,92
2025,June,ROCP,ALI JAN MOTORS,SWIFT,18
2025,June,ROCP,BURJ MOTORS,ALTO,99
2025,June,ROCP,BURJ MOTORS,SWIFT,27
2025,June,ROCP,CANAL LAHORE,ALTO,96
2025,June,ROCP,CANAL LAHORE,SWIFT,14
2025,June,ROCP,CANAL MOTORS,ALTO,115
2025,June,ROCP,CANAL MOTORS,SWIFT,19
2025,June,ROCP,CHENAB MOTORS,ALTO,75
2025,June,ROCP,CHENAB MOTORS,SWIFT,7
2025,June,ROCP,CHUNIAN MOTORS,ALTO,42
2025,June,ROCP,CHUNIAN MOTORS,SWIFT,1
2025,June,ROCP,CROWN MOTORS,ALTO,61
2025,June,ROCP,CROWN MOTORS,SWIFT,11
2025,June,ROCP,FALCON MOTORS,ALTO,148
2025,June,ROCP,FALCON MOTORS,SWIFT,17
2025,June,ROCP,GUJRANWALA MOTORS,ALTO,146
2025,June,ROCP,GUJRANWALA MOTORS,SWIFT,18
2025,June,ROCP,GUJRAT MOTORS,ALTO,154
2025,June,ROCP,GUJRAT MOTORS,SWIFT,5
2025,June,ROCP,HAFIZABAD MOTORS,ALTO,63
2025,June,ROCP,HAFIZABAD MOTORS,SWIFT,6
2025,June,ROCP,KASUR MOTORS,ALTO,49
2025,June,ROCP,KASUR MOTORS,SWIFT,7
2025,June,ROCP,KHALID MOTORS,ALTO,139
2025,June,ROCP,KHALID MOTORS,SWIFT,16
2025,June,ROCP,MADINA MOTORS,ALTO,70
2025,June,ROCP,MADINA MOTORS,SWIFT,8
2025,June,ROCP,MADNI MOTORS,ALTO,87
2025,June,ROCP,MADNI MOTORS,SWIFT,14
2025,June,ROCP,MASTER MOTOR,ALTO,108
2025,June,ROCP,MASTER MOTOR,SWIFT,15
2025,June,ROCP,MINI MOTORS,ALTO,103
2025,June,ROCP,MINI MOTORS,SWIFT,13
2025,June,ROCP,MOTOR HOUSE,ALTO,68
2025,June,ROCP,MOTOR HOUSE,SWIFT,18
2025,June,ROCP,NAROWAL MOTORS,ALTO,39
2025,June,ROCP,NAROWAL MOTORS,SWIFT,2
2025,June,ROCP,OLYMPIA MOTORS,ALTO,39
2025,June,ROCP,OLYMPIA MOTORS,SWIFT,7
2025,June,ROCP,PINE AVENUE MOTORS,ALTO,34
2025,June,ROCP,PINE AVENUE MOTORS,SWIFT,5
2025,June,ROCP,PREMIER MOTORS,ALTO,51
2025,June,ROCP,PREMIER MOTORS,SWIFT,13
2025,June,ROCP,PRESTIGE MOTORS,ALTO,51
2025,June,ROCP,PRESTIGE MOTORS,SWIFT,11
2025,June,ROCP,RAIWIND MOTORS,ALTO,97
2025,June,ROCP,RAIWIND MOTORS,SWIFT,22
2025,June,ROCP,RAVI MOTORS,ALTO,64
2025,June,ROCP,RAVI MOTORS,SWIFT,12
2025,June,ROCP,SAMANABAD MOTORS,ALTO,57
2025,June,ROCP,SAMANABAD MOTORS,SWIFT,6
2025,June,ROCP,SANDAL BAR MOTORS,ALTO,70
2025,June,ROCP,SANDAL BAR MOTORS,SWIFT,12
2025,June,ROCP,SETHI MOTORS,ALTO,102
2025,June,ROCP,SETHI MOTORS,SWIFT,19
2025,June,ROCP,SHALIMAR MOTORS,ALTO,60
2025,June,ROCP,SHALIMAR MOTORS,SWIFT,6
2025,June,ROCP,SHEIKHAN MOTORS,ALTO,88
2025,June,ROCP,SHEIKHAN MOTORS,SWIFT,28
2025,June,ROCP,SIALKOT CITY MOTORS,ALTO,29
2025,June,ROCP,SIALKOT CITY MOTORS,SWIFT,11
2025,June,ROCP,SUMMIT MOTORS,ALTO,94
2025,June,ROCP,SUMMIT MOTORS,SWIFT,9
2025,June,ROCP,TOBA TEK SINGH,ALTO,56
2025,June,ROCP,TOBA TEK SINGH,SWIFT,6
2025,June,ROCP,TOWNSHIP MOTORS,ALTO,141
2025,June,ROCP,TOWNSHIP MOTORS,SWIFT,28
2025,June,ROCP,WAZIRABAD MOTORS,ALTO,68
2025,June,ROCP,WAZIRABAD MOTORS,SWIFT,19
2025,June,ROCP,ZAFAR MOTORS,ALTO,76
2025,June,ROCP,ZAFAR MOTORS,SWIFT,15
2025,July,ROCP,AIRPORT MOTORS,ALTO,4
2025,July,ROCP,AIRPORT MOTORS,SWIFT,3
2025,July,ROCP,ALI JAN MOTORS,ALTO,14
2025,July,ROCP,ALI JAN MOTORS,SWIFT,2
2025,July,ROCP,BURJ MOTORS,ALTO,10
2025,July,ROCP,BURJ MOTORS,SWIFT,3
2025,July,ROCP,CANAL LAHORE,ALTO,27
2025,July,ROCP,CANAL LAHORE,SWIFT,1
2025,July,ROCP,CANAL MOTORS,ALTO,20
2025,July,ROCP,CANAL MOTORS,SWIFT,8
2025,July,ROCP,CHENAB MOTORS,ALTO,21
2025,July,ROCP,CHENAB MOTORS,SWIFT,1
2025,July,ROCP,CHUNIAN MOTORS,ALTO,10
2025,July,ROCP,CHUNIAN MOTORS,SWIFT,2
2025,July,ROCP,CROWN MOTORS,ALTO,10
2025,July,ROCP,CROWN MOTORS,SWIFT,1
2025,July,ROCP,FALCON MOTORS,ALTO,25
2025,July,ROCP,FALCON MOTORS,SWIFT,2
2025,July,ROCP,GUJRANWALA MOTORS,ALTO,34
2025,July,ROCP,GUJRANWALA MOTORS,SWIFT,8
2025,July,ROCP,GUJRAT MOTORS,ALTO,28
2025,July,ROCP,GUJRAT MOTORS,SWIFT,1
2025,July,ROCP,HAFIZABAD MOTORS,ALTO,17
2025,July,ROCP,HAFIZABAD MOTORS,SWIFT,3
2025,July,ROCP,KASUR MOTORS,ALTO,6
2025,July,ROCP,KASUR MOTORS,SWIFT,1
2025,July,ROCP,KHALID MOTORS,ALTO,30
2025,July,ROCP,KHALID MOTORS,SWIFT,3
2025,July,ROCP,MADINA MOTORS,ALTO,9
2025,July,ROCP,MADINA MOTORS,SWIFT,8
2025,July,ROCP,MADNI MOTORS,ALTO,11
2025,July,ROCP,MADNI MOTORS,SWIFT,6
2025,July,ROCP,MASTER MOTOR,ALTO,14
2025,July,ROCP,MASTER MOTOR,SWIFT,2
2025,July,ROCP,MINI MOTORS,ALTO,19
2025,July,ROCP,MINI MOTORS,SWIFT,4
2025,July,ROCP,MOTOR HOUSE,ALTO,15
2025,July,ROCP,MOTOR HOUSE,SWIFT,3
2025,July,ROCP,NAROWAL MOTORS,ALTO,2
2025,July,ROCP,NAROWAL MOTORS,SWIFT,1
2025,July,ROCP,OLYMPIA MOTORS,ALTO,9
2025,July,ROCP,OLYMPIA MOTORS,SWIFT,2
2025,July,ROCP,PINE AVENUE MOTORS,ALTO,4
2025,July,ROCP,PREMIER MOTORS,ALTO,21
2025,July,ROCP,PREMIER MOTORS,SWIFT,2
2025,July,ROCP,PRESTIGE MOTORS,ALTO,16
2025,July,ROCP,PRESTIGE MOTORS,SWIFT,3
2025,July,ROCP,RAIWIND MOTORS,ALTO,22
2025,July,ROCP,RAIWIND MOTORS,SWIFT,5
2025,July,ROCP,RAVI MOTORS,ALTO,10
2025,July,ROCP,RAVI MOTORS,SWIFT,3
2025,July,ROCP,SAMANABAD MOTORS,ALTO,3
2025,July,ROCP,SAMANABAD MOTORS,SWIFT,3
2025,July,ROCP,SANDAL BAR MOTORS,ALTO,7
2025,July,ROCP,SETHI MOTORS,ALTO,29
2025,July,ROCP,SETHI MOTORS,SWIFT,8
2025,July,ROCP,SHALIMAR MOTORS,ALTO,17
2025,July,ROCP,SHALIMAR MOTORS,SWIFT,5
2025,July,ROCP,SHEIKHAN MOTORS,ALTO,20
2025,July,ROCP,SHEIKHAN MOTORS,SWIFT,3
2025,July,ROCP,SIALKOT CITY MOTORS,ALTO,2
2025,July,ROCP,SIALKOT CITY MOTORS,SWIFT,4
2025,July,ROCP,SUMMIT MOTORS,ALTO,14
2025,July,ROCP,SUMMIT MOTORS,SWIFT,4
2025,July,ROCP,TOBA TEK SINGH,ALTO,8
2025,July,ROCP,TOWNSHIP MOTORS,ALTO,28
2025,July,ROCP,TOWNSHIP MOTORS,SWIFT,3
2025,July,ROCP,WAZIRABAD MOTORS,ALTO,14
2025,July,ROCP,WAZIRABAD MOTORS,SWIFT,5
2025,July,ROCP,ZAFAR MOTORS,ALTO,13
2025,July,ROCP,ZAFAR MOTORS,SWIFT,2
2025,August,ROCP,AIRPORT MOTORS,ALTO,32
2025,August,ROCP,AIRPORT MOTORS,SWIFT,10
2025,August,ROCP,ALI JAN MOTORS,ALTO,59
2025,August,ROCP,ALI JAN MOTORS,SWIFT,11
2025,August,ROCP,BURJ MOTORS,ALTO,25
2025,August,ROCP,BURJ MOTORS,SWIFT,7
2025,August,ROCP,CANAL LAHORE,ALTO,54
2025,August,ROCP,CANAL LAHORE,SWIFT,16
2025,August,ROCP,CANAL MOTORS,ALTO,46
2025,August,ROCP,CANAL MOTORS,SWIFT,7
2025,August,ROCP,CHENAB MOTORS,ALTO,28
2025,August,ROCP,CHENAB MOTORS,SWIFT,5
2025,August,ROCP,CHUNIAN MOTORS,ALTO,24
2025,August,ROCP,CROWN MOTORS,ALTO,10
2025,August,ROCP,CROWN MOTORS,SWIFT,6
2025,August,ROCP,FALCON MOTORS,ALTO,43
2025,August,ROCP,FALCON MOTORS,SWIFT,7
2025,August,ROCP,GUJRANWALA MOTORS,ALTO,62
2025,August,ROCP,GUJRANWALA MOTORS,SWIFT,6
2025,August,ROCP,GUJRAT MOTORS,ALTO,43
2025,August,ROCP,GUJRAT MOTORS,SWIFT,9
2025,August,ROCP,HAFIZABAD MOTORS,ALTO,34
2025,August,ROCP,HAFIZABAD MOTORS,SWIFT,3
2025,August,ROCP,KASUR MOTORS,ALTO,27
2025,August,ROCP,KASUR MOTORS,SWIFT,4
2025,August,ROCP,KHALID MOTORS,ALTO,32
2025,August,ROCP,KHALID MOTORS,SWIFT,12
2025,August,ROCP,MADINA MOTORS,ALTO,31
2025,August,ROCP,MADINA MOTORS,SWIFT,12
2025,August,ROCP,MADNI MOTORS,ALTO,24
2025,August,ROCP,MADNI MOTORS,SWIFT,17
2025,August,ROCP,MASTER MOTOR,ALTO,27
2025,August,ROCP,MASTER MOTOR,SWIFT,15
2025,August,ROCP,MINI MOTORS,ALTO,31
2025,August,ROCP,MINI MOTORS,SWIFT,13
2025,August,ROCP,MOTOR HOUSE,ALTO,29
2025,August,ROCP,MOTOR HOUSE,SWIFT,8
2025,August,ROCP,NAROWAL MOTORS,ALTO,11
2025,August,ROCP,NAROWAL MOTORS,SWIFT,5
2025,August,ROCP,OLYMPIA MOTORS,ALTO,9
2025,August,ROCP,OLYMPIA MOTORS,SWIFT,12
2025,August,ROCP,PINE AVENUE MOTORS,ALTO,7
2025,August,ROCP,PINE AVENUE MOTORS,SWIFT,4
2025,August,ROCP,PREMIER MOTORS,ALTO,44
2025,August,ROCP,PREMIER MOTORS,SWIFT,12
2025,August,ROCP,PRESTIGE MOTORS,ALTO,23
2025,August,ROCP,PRESTIGE MOTORS,SWIFT,3
2025,August,ROCP,RAIWIND MOTORS,ALTO,39
2025,August,ROCP,RAIWIND MOTORS,SWIFT,9
2025,August,ROCP,RAVI MOTORS,ALTO,19
2025,August,ROCP,RAVI MOTORS,SWIFT,5
2025,August,ROCP,SAMANABAD MOTORS,ALTO,18
2025,August,ROCP,SAMANABAD MOTORS,SWIFT,9
2025,August,ROCP,SANDAL BAR MOTORS,ALTO,26
2025,August,ROCP,SANDAL BAR MOTORS,SWIFT,5
2025,August,ROCP,SETHI MOTORS,ALTO,29
2025,August,ROCP,SETHI MOTORS,SWIFT,11
2025,August,ROCP,SHALIMAR MOTORS,ALTO,27
2025,August,ROCP,SHALIMAR MOTORS,SWIFT,9
2025,August,ROCP,SHEIKHAN MOTORS,ALTO,26
2025,August,ROCP,SHEIKHAN MOTORS,SWIFT,21
2025,August,ROCP,SIALKOT CITY MOTORS,SWIFT,5
2025,August,ROCP,SUMMIT MOTORS,ALTO,35
2025,August,ROCP,SUMMIT MOTORS,SWIFT,6
2025,August,ROCP,TOBA TEK SINGH,ALTO,19
2025,August,ROCP,TOBA TEK SINGH,SWIFT,2
2025,August,ROCP,TOWNSHIP MOTORS,ALTO,70
2025,August,ROCP,TOWNSHIP MOTORS,SWIFT,23
2025,August,ROCP,WAZIRABAD MOTORS,ALTO,25
2025,August,ROCP,WAZIRABAD MOTORS,SWIFT,16
2025,August,ROCP,ZAFAR MOTORS,ALTO,19
2025,August,ROCP,ZAFAR MOTORS,SWIFT,9
2025,September,ROCP,AIRPORT MOTORS,ALTO,49
2025,September,ROCP,AIRPORT MOTORS,SWIFT,10
2025,September,ROCP,ALI JAN MOTORS,ALTO,52
2025,September,ROCP,ALI JAN MOTORS,SWIFT,7
2025,September,ROCP,BURJ MOTORS,ALTO,31
2025,September,ROCP,BURJ MOTORS,SWIFT,8
2025,September,ROCP,CANAL LAHORE,ALTO,63
2025,September,ROCP,CANAL LAHORE,SWIFT,10
2025,September,ROCP,CANAL MOTORS,ALTO,40
2025,September,ROCP,CANAL MOTORS,SWIFT,16
2025,September,ROCP,CHENAB MOTORS,ALTO,25
2025,September,ROCP,CHENAB MOTORS,SWIFT,4
2025,September,ROCP,CHUNIAN MOTORS,ALTO,18
2025,September,ROCP,CHUNIAN MOTORS,SWIFT,2
2025,September,ROCP,CROWN MOTORS,ALTO,15
2025,September,ROCP,CROWN MOTORS,SWIFT,7
2025,September,ROCP,FALCON MOTORS,ALTO,45
2025,September,ROCP,FALCON MOTORS,SWIFT,7
2025,September,ROCP,GUJRANWALA MOTORS,ALTO,61
2025,September,ROCP,GUJRANWALA MOTORS,SWIFT,11
2025,September,ROCP,GUJRAT MOTORS,ALTO,62
2025,September,ROCP,GUJRAT MOTORS,SWIFT,4
2025,September,ROCP,HAFIZABAD MOTORS,ALTO,38
2025,September,ROCP,HAFIZABAD MOTORS,SWIFT,4
2025,September,ROCP,KASUR MOTORS,ALTO,33
2025,September,ROCP,KASUR MOTORS,SWIFT,5
2025,September,ROCP,KHALID MOTORS,ALTO,28
2025,September,ROCP,KHALID MOTORS,SWIFT,19
2025,September,ROCP,MADINA MOTORS,ALTO,20
2025,September,ROCP,MADINA MOTORS,SWIFT,14
2025,September,ROCP,MADNI MOTORS,ALTO,36
2025,September,ROCP,MADNI MOTORS,SWIFT,13
2025,September,ROCP,MASTER MOTOR,ALTO,53
2025,September,ROCP,MASTER MOTOR,SWIFT,10
2025,September,ROCP,MINI MOTORS,ALTO,64
2025,September,ROCP,MINI MOTORS,SWIFT,23
2025,September,ROCP,MOTOR HOUSE,ALTO,25
2025,September,ROCP,MOTOR HOUSE,SWIFT,8
2025,September,ROCP,NAROWAL MOTORS,ALTO,23
2025,September,ROCP,NAROWAL MOTORS,SWIFT,1
2025,September,ROCP,OLYMPIA MOTORS,ALTO,6
2025,September,ROCP,OLYMPIA MOTORS,SWIFT,10
2025,September,ROCP,PINE AVENUE MOTORS,ALTO,3
2025,September,ROCP,PINE AVENUE MOTORS,SWIFT,4
2025,September,ROCP,PREMIER MOTORS,ALTO,36
2025,September,ROCP,PREMIER MOTORS,SWIFT,12
2025,September,ROCP,PRESTIGE MOTORS,ALTO,22
2025,September,ROCP,PRESTIGE MOTORS,SWIFT,6
2025,September,ROCP,RAIWIND MOTORS,ALTO,54
2025,September,ROCP,RAIWIND MOTORS,SWIFT,9
2025,September,ROCP,RAVI MOTORS,ALTO,24
2025,September,ROCP,RAVI MOTORS,SWIFT,1
2025,September,ROCP,SAMANABAD MOTORS,ALTO,9
2025,September,ROCP,SAMANABAD MOTORS,SWIFT,6
2025,September,ROCP,SANDAL BAR MOTORS,ALTO,29
2025,September,ROCP,SANDAL BAR MOTORS,SWIFT,8
2025,September,ROCP,SETHI MOTORS,ALTO,40
2025,September,ROCP,SETHI MOTORS,SWIFT,7
2025,September,ROCP,SHALIMAR MOTORS,ALTO,35
2025,September,ROCP,SHALIMAR MOTORS,SWIFT,16
2025,September,ROCP,SHEIKHAN MOTORS,ALTO,32
2025,September,ROCP,SHEIKHAN MOTORS,SWIFT,10
2025,September,ROCP,SIALKOT CITY MOTORS,ALTO,1
2025,September,ROCP,SIALKOT CITY MOTORS,SWIFT,8
2025,September,ROCP,SUMMIT MOTORS,ALTO,67
2025,September,ROCP,SUMMIT MOTORS,SWIFT,19
2025,September,ROCP,TOBA TEK SINGH,ALTO,9
2025,September,ROCP,TOBA TEK SINGH,SWIFT,6
2025,September,ROCP,TOWNSHIP MOTORS,ALTO,34
2025,September,ROCP,TOWNSHIP MOTORS,SWIFT,15
2025,September,ROCP,WAZIRABAD MOTORS,ALTO,38
2025,September,ROCP,WAZIRABAD MOTORS,SWIFT,13
2025,September,ROCP,ZAFAR MOTORS,ALTO,21
2025,September,ROCP,ZAFAR MOTORS,SWIFT,11
2025,October,ROCP,AIRPORT MOTORS,ALTO,28
2025,October,ROCP,AIRPORT MOTORS,SWIFT,8
2025,October,ROCP,ALI JAN MOTORS,ALTO,32
2025,October,ROCP,ALI JAN MOTORS,SWIFT,9
2025,October,ROCP,BURJ MOTORS,ALTO,29
2025,October,ROCP,BURJ MOTORS,SWIFT,8
2025,October,ROCP,CANAL LAHORE,ALTO,58
2025,October,ROCP,CANAL LAHORE,SWIFT,6
2025,October,ROCP,CANAL MOTORS,ALTO,44
2025,October,ROCP,CANAL MOTORS,SWIFT,11
2025,October,ROCP,CHENAB MOTORS,ALTO,30
2025,October,ROCP,CHENAB MOTORS,SWIFT,2
2025,October,ROCP,CHUNIAN MOTORS,ALTO,25
2025,October,ROCP,CHUNIAN MOTORS,SWIFT,2
2025,October,ROCP,CROWN MOTORS,ALTO,24
2025,October,ROCP,CROWN MOTORS,SWIFT,5
2025,October,ROCP,FALCON MOTORS,ALTO,71
2025,October,ROCP,FALCON MOTORS,SWIFT,4
2025,October,ROCP,GUJRANWALA MOTORS,ALTO,76
2025,October,ROCP,GUJRANWALA MOTORS,SWIFT,9
2025,October,ROCP,GUJRAT MOTORS,ALTO,62
2025,October,ROCP,GUJRAT MOTORS,SWIFT,4
2025,October,ROCP,HAFIZABAD MOTORS,ALTO,51
2025,October,ROCP,HAFIZABAD MOTORS,SWIFT,4
2025,October,ROCP,KASUR MOTORS,ALTO,35
2025,October,ROCP,KASUR MOTORS,SWIFT,8
2025,October,ROCP,KHALID MOTORS,ALTO,34
2025,October,ROCP,KHALID MOTORS,SWIFT,9
2025,October,ROCP,MADINA MOTORS,ALTO,47
2025,October,ROCP,MADINA MOTORS,SWIFT,9
2025,October,ROCP,MADNI MOTORS,ALTO,27
2025,October,ROCP,MADNI MOTORS,SWIFT,7
2025,October,ROCP,MASTER MOTOR,ALTO,51
2025,October,ROCP,MASTER MOTOR,SWIFT,9
2025,October,ROCP,MINI MOTORS,ALTO,32
2025,October,ROCP,MINI MOTORS,SWIFT,10
2025,October,ROCP,MOTOR HOUSE,ALTO,60
2025,October,ROCP,MOTOR HOUSE,SWIFT,3
2025,October,ROCP,NAROWAL MOTORS,ALTO,14
2025,October,ROCP,NAROWAL MOTORS,SWIFT,2
2025,October,ROCP,OLYMPIA MOTORS,ALTO,14
2025,October,ROCP,OLYMPIA MOTORS,SWIFT,3
2025,October,ROCP,PINE AVENUE MOTORS,ALTO,21
2025,October,ROCP,PINE AVENUE MOTORS,SWIFT,3
2025,October,ROCP,PREMIER MOTORS,ALTO,48
2025,October,ROCP,PREMIER MOTORS,SWIFT,7
2025,October,ROCP,PRESTIGE MOTORS,ALTO,24
2025,October,ROCP,PRESTIGE MOTORS,SWIFT,7
2025,October,ROCP,RAIWIND MOTORS,ALTO,43
2025,October,ROCP,RAIWIND MOTORS,SWIFT,14
2025,October,ROCP,RAVI MOTORS,ALTO,19
2025,October,ROCP,RAVI MOTORS,SWIFT,6
2025,October,ROCP,SAMANABAD MOTORS,ALTO,21
2025,October,ROCP,SAMANABAD MOTORS,SWIFT,4
2025,October,ROCP,SANDAL BAR MOTORS,ALTO,32
2025,October,ROCP,SANDAL BAR MOTORS,SWIFT,6
2025,October,ROCP,SETHI MOTORS,ALTO,54
2025,October,ROCP,SETHI MOTORS,SWIFT,14
2025,October,ROCP,SHALIMAR MOTORS,ALTO,36
2025,October,ROCP,SHALIMAR MOTORS,SWIFT,4
2025,October,ROCP,SHEIKHAN MOTORS,ALTO,34
2025,October,ROCP,SHEIKHAN MOTORS,SWIFT,11
2025,October,ROCP,SIALKOT CITY MOTORS,ALTO,1
2025,October,ROCP,SIALKOT CITY MOTORS,SWIFT,3
2025,October,ROCP,SUMMIT MOTORS,ALTO,46
2025,October,ROCP,SUMMIT MOTORS,SWIFT,8
2025,October,ROCP,TOBA TEK SINGH,ALTO,24
2025,October,ROCP,TOBA TEK SINGH,SWIFT,4
2025,October,ROCP,TOWNSHIP MOTORS,ALTO,83
2025,October,ROCP,TOWNSHIP MOTORS,SWIFT,17
2025,October,ROCP,WAZIRABAD MOTORS,ALTO,41
2025,October,ROCP,WAZIRABAD MOTORS,SWIFT,13
2025,October,ROCP,ZAFAR MOTORS,ALTO,46
2025,October,ROCP,ZAFAR MOTORS,SWIFT,5
2025,November,ROCP,AIRPORT MOTORS,ALTO,26
2025,November,ROCP,AIRPORT MOTORS,SWIFT,12
2025,November,ROCP,ALI JAN MOTORS,ALTO,56
2025,November,ROCP,ALI JAN MOTORS,SWIFT,4
2025,November,ROCP,BURJ MOTORS,ALTO,22
2025,November,ROCP,BURJ MOTORS,SWIFT,14
2025,November,ROCP,CANAL LAHORE,ALTO,46
2025,November,ROCP,CANAL LAHORE,SWIFT,7
2025,November,ROCP,CANAL MOTORS,ALTO,33
2025,November,ROCP,CANAL MOTORS,SWIFT,20
2025,November,ROCP,CHENAB MOTORS,ALTO,25
2025,November,ROCP,CHENAB MOTORS,SWIFT,3
2025,November,ROCP,CHUNIAN MOTORS,ALTO,25
2025,November,ROCP,CHUNIAN MOTORS,SWIFT,2
2025,November,ROCP,CROWN MOTORS,ALTO,18
2025,November,ROCP,CROWN MOTORS,SWIFT,4
2025,November,ROCP,FALCON MOTORS,ALTO,35
2025,November,ROCP,FALCON MOTORS,SWIFT,12
2025,November,ROCP,GUJRANWALA MOTORS,ALTO,69
2025,November,ROCP,GUJRANWALA MOTORS,SWIFT,9
2025,November,ROCP,GUJRAT MOTORS,ALTO,45
2025,November,ROCP,GUJRAT MOTORS,SWIFT,10
2025,November,ROCP,HAFIZABAD MOTORS,ALTO,32
2025,November,ROCP,HAFIZABAD MOTORS,SWIFT,4
2025,November,ROCP,KASUR MOTORS,ALTO,28
2025,November,ROCP,KASUR MOTORS,SWIFT,2
2025,November,ROCP,KHALID MOTORS,ALTO,25
2025,November,ROCP,KHALID MOTORS,SWIFT,6
2025,November,ROCP,MADINA MOTORS,ALTO,24
2025,November,ROCP,MADINA MOTORS,SWIFT,13
2025,November,ROCP,MADNI MOTORS,ALTO,15
2025,November,ROCP,MADNI MOTORS,SWIFT,13
2025,November,ROCP,MASTER MOTOR,ALTO,46
2025,November,ROCP,MASTER MOTOR,SWIFT,8
2025,November,ROCP,MINI MOTORS,ALTO,20
2025,November,ROCP,MINI MOTORS,SWIFT,12
2025,November,ROCP,MOTOR HOUSE,ALTO,19
2025,November,ROCP,MOTOR HOUSE,SWIFT,4
2025,November,ROCP,NAROWAL MOTORS,ALTO,22
2025,November,ROCP,NAROWAL MOTORS,SWIFT,7
2025,November,ROCP,OLYMPIA MOTORS,ALTO,14
2025,November,ROCP,OLYMPIA MOTORS,SWIFT,6
2025,November,ROCP,PINE AVENUE MOTORS,ALTO,10
2025,November,ROCP,PINE AVENUE MOTORS,SWIFT,5
2025,November,ROCP,PREMIER MOTORS,ALTO,40
2025,November,ROCP,PREMIER MOTORS,SWIFT,18
2025,November,ROCP,PRESTIGE MOTORS,ALTO,20
2025,November,ROCP,PRESTIGE MOTORS,SWIFT,4
2025,November,ROCP,RAIWIND MOTORS,ALTO,41
2025,November,ROCP,RAIWIND MOTORS,SWIFT,18
2025,November,ROCP,RAVI MOTORS,ALTO,22
2025,November,ROCP,RAVI MOTORS,SWIFT,3
2025,November,ROCP,SAMANABAD MOTORS,ALTO,16
2025,November,ROCP,SAMANABAD MOTORS,SWIFT,2
2025,November,ROCP,SANDAL BAR MOTORS,ALTO,31
2025,November,ROCP,SANDAL BAR MOTORS,SWIFT,11
2025,November,ROCP,SETHI MOTORS,ALTO,42
2025,November,ROCP,SETHI MOTORS,SWIFT,18
2025,November,ROCP,SHALIMAR MOTORS,ALTO,35
2025,November,ROCP,SHALIMAR MOTORS,SWIFT,10
2025,November,ROCP,SHEIKHAN MOTORS,ALTO,31
2025,November,ROCP,SHEIKHAN MOTORS,SWIFT,17
2025,November,ROCP,SIALKOT CITY MOTORS,SWIFT,9
2025,November,ROCP,SUMMIT MOTORS,ALTO,38
2025,November,ROCP,SUMMIT MOTORS,SWIFT,6
2025,November,ROCP,TOBA TEK SINGH,ALTO,23
2025,November,ROCP,TOBA TEK SINGH,SWIFT,4
2025,November,ROCP,TOWNSHIP MOTORS,ALTO,45
2025,November,ROCP,TOWNSHIP MOTORS,SWIFT,18
2025,November,ROCP,WAZIRABAD MOTORS,ALTO,34
2025,November,ROCP,WAZIRABAD MOTORS,SWIFT,11
2025,November,ROCP,ZAFAR MOTORS,ALTO,22
2025,November,ROCP,ZAFAR MOTORS,SWIFT,4
2025,December,ROCP,AIRPORT MOTORS,ALTO,17
2025,December,ROCP,AIRPORT MOTORS,SWIFT,12
2025,December,ROCP,ALI JAN MOTORS,ALTO,31
2025,December,ROCP,ALI JAN MOTORS,SWIFT,13
2025,December,ROCP,BURJ MOTORS,ALTO,20
2025,December,ROCP,BURJ MOTORS,SWIFT,6
2025,December,ROCP,CANAL LAHORE,ALTO,26
2025,December,ROCP,CANAL LAHORE,SWIFT,6
2025,December,ROCP,CANAL MOTORS,ALTO,27
2025,December,ROCP,CANAL MOTORS,SWIFT,8
2025,December,ROCP,CHENAB MOTORS,ALTO,29
2025,December,ROCP,CHENAB MOTORS,SWIFT,2
2025,December,ROCP,CHUNIAN MOTORS,ALTO,14
2025,December,ROCP,CHUNIAN MOTORS,SWIFT,1
2025,December,ROCP,CROWN MOTORS,ALTO,10
2025,December,ROCP,CROWN MOTORS,SWIFT,5
2025,December,ROCP,FALCON MOTORS,ALTO,39
2025,December,ROCP,FALCON MOTORS,SWIFT,2
2025,December,ROCP,GUJRANWALA MOTORS,ALTO,56
2025,December,ROCP,GUJRANWALA MOTORS,SWIFT,7
2025,December,ROCP,GUJRAT MOTORS,ALTO,41
2025,December,ROCP,GUJRAT MOTORS,SWIFT,5
2025,December,ROCP,HAFIZABAD MOTORS,ALTO,24
2025,December,ROCP,KASUR MOTORS,ALTO,27
2025,December,ROCP,KASUR MOTORS,SWIFT,5
2025,December,ROCP,KHALID MOTORS,ALTO,25
2025,December,ROCP,KHALID MOTORS,SWIFT,7
2025,December,ROCP,MADINA MOTORS,ALTO,30
2025,December,ROCP,MADINA MOTORS,SWIFT,9
2025,December,ROCP,MADNI MOTORS,ALTO,22
2025,December,ROCP,MADNI MOTORS,SWIFT,3
2025,December,ROCP,MASTER MOTOR,ALTO,48
2025,December,ROCP,MASTER MOTOR,SWIFT,4
2025,December,ROCP,MINI MOTORS,ALTO,14
2025,December,ROCP,MINI MOTORS,SWIFT,12
2025,December,ROCP,MOTOR HOUSE,ALTO,24
2025,December,ROCP,MOTOR HOUSE,SWIFT,3
2025,December,ROCP,NAROWAL MOTORS,ALTO,6
2025,December,ROCP,NAROWAL MOTORS,SWIFT,3
2025,December,ROCP,OLYMPIA MOTORS,ALTO,12
2025,December,ROCP,OLYMPIA MOTORS,SWIFT,3
2025,December,ROCP,PINE AVENUE MOTORS,ALTO,13
2025,December,ROCP,PINE AVENUE MOTORS,SWIFT,7
2025,December,ROCP,PREMIER MOTORS,ALTO,46
2025,December,ROCP,PREMIER MOTORS,SWIFT,9
2025,December,ROCP,PRESTIGE MOTORS,ALTO,27
2025,December,ROCP,PRESTIGE MOTORS,SWIFT,2
2025,December,ROCP,RAIWIND MOTORS,ALTO,57
2025,December,ROCP,RAIWIND MOTORS,SWIFT,4
2025,December,ROCP,RAVI MOTORS,ALTO,22
2025,December,ROCP,RAVI MOTORS,SWIFT,5
2025,December,ROCP,SAMANABAD MOTORS,ALTO,17
2025,December,ROCP,SAMANABAD MOTORS,SWIFT,2
2025,December,ROCP,SANDAL BAR MOTORS,ALTO,22
2025,December,ROCP,SANDAL BAR MOTORS,SWIFT,8
2025,December,ROCP,SETHI MOTORS,ALTO,36
2025,December,ROCP,SETHI MOTORS,SWIFT,9
2025,December,ROCP,SHALIMAR MOTORS,ALTO,23
2025,December,ROCP,SHALIMAR MOTORS,SWIFT,3
2025,December,ROCP,SHEIKHAN MOTORS,ALTO,34
2025,December,ROCP,SHEIKHAN MOTORS,SWIFT,6
2025,December,ROCP,SIALKOT CITY MOTORS,SWIFT,1
2025,December,ROCP,SUMMIT MOTORS,ALTO,62
2025,December,ROCP,SUMMIT MOTORS,SWIFT,17
2025,December,ROCP,TOBA TEK SINGH,ALTO,18
2025,December,ROCP,TOBA TEK SINGH,SWIFT,2
2025,December,ROCP,TOWNSHIP MOTORS,ALTO,71
2025,December,ROCP,TOWNSHIP MOTORS,SWIFT,13
2025,December,ROCP,WAZIRABAD MOTORS,ALTO,30
2025,December,ROCP,WAZIRABAD MOTORS,SWIFT,11
2025,December,ROCP,ZAFAR MOTORS,ALTO,27
2025,December,ROCP,ZAFAR MOTORS,SWIFT,7
2024,January,ROSP,BAHAWALNAGAR MOTORS,ALTO,27
2024,January,ROSP,BAHAWALNAGAR MOTORS,SWIFT,2
2024,January,ROSP,BAHAWALPUR MOTORS,ALTO,44
2024,January,ROSP,BAHAWALPUR MOTORS,SWIFT,6
2024,January,ROSP,CHICHAWATNI MOTORS,ALTO,29
2024,January,ROSP,CHICHAWATNI MOTORS,SWIFT,5
2024,January,ROSP,DERAWAR MOTORS,ALTO,22
2024,January,ROSP,DERAWAR MOTORS,SWIFT,2
2024,January,ROSP,FORT MOTORS,ALTO,36
2024,January,ROSP,FORT MOTORS,SWIFT,6
2024,January,ROSP,HABIB MOTORS,ALTO,44
2024,January,ROSP,HABIB MOTORS,SWIFT,9
2024,January,ROSP,HABIB MOTORS ALIPUR,ALTO,17
2024,January,ROSP,HABIB MOTORS ALIPUR,SWIFT,1
2024,January,ROSP,KHANEWAL MOTORS,ALTO,25
2024,January,ROSP,KHANEWAL MOTORS,SWIFT,2
2024,January,ROSP,MIAN CHANNU MOTORS,ALTO,49
2024,January,ROSP,MIAN CHANNU MOTORS,SWIFT,4
2024,January,ROSP,MUZAFFARGARH MOTORS,ALTO,31
2024,January,ROSP,MUZAFFARGARH MOTORS,SWIFT,1
2024,January,ROSP,PAKPATTAN MOTORS,ALTO,32
2024,January,ROSP,PAKPATTAN MOTORS,SWIFT,4
2024,January,ROSP,PIONEER MOTORS,ALTO,33
2024,January,ROSP,PIONEER MOTORS,SWIFT,4
2024,January,ROSP,RAHIM YAR KHAN MOTORS,ALTO,28
2024,January,ROSP,RAHIM YAR KHAN MOTORS,SWIFT,7
2024,January,ROSP,RAJANPUR MOTORS,ALTO,9
2024,January,ROSP,RAJANPUR MOTORS,SWIFT,1
2024,January,ROSP,SADIQABAD MOTORS,ALTO,22
2024,January,ROSP,SADIQABAD MOTORS,SWIFT,4
2024,January,ROSP,SAHIWAL MOTORS,ALTO,31
2024,January,ROSP,SAHIWAL MOTORS,SWIFT,5
2024,January,ROSP,SHORKOT MOTORS,ALTO,37
2024,January,ROSP,SHORKOT MOTORS,SWIFT,2
2024,January,ROSP,SOUTH PUNJAB,ALTO,51
2024,January,ROSP,SOUTH PUNJAB,SWIFT,10
2024,January,ROSP,UNIQUE MOTORS,ALTO,40
2024,January,ROSP,UNIQUE MOTORS,SWIFT,5
2024,January,ROSP,UNITED MOTORS,ALTO,41
2024,January,ROSP,UNITED MOTORS,SWIFT,5
2024,February,ROSP,BAHAWALNAGAR MOTORS,ALTO,27
2024,February,ROSP,BAHAWALNAGAR MOTORS,SWIFT,6
2024,February,ROSP,BAHAWALPUR MOTORS,ALTO,41
2024,February,ROSP,BAHAWALPUR MOTORS,SWIFT,7
2024,February,ROSP,CHICHAWATNI MOTORS,ALTO,24
2024,February,ROSP,CHICHAWATNI MOTORS,SWIFT,4
2024,February,ROSP,DERAWAR MOTORS,ALTO,14
2024,February,ROSP,FORT MOTORS,ALTO,31
2024,February,ROSP,FORT MOTORS,SWIFT,8
2024,February,ROSP,HABIB MOTORS,ALTO,26
2024,February,ROSP,HABIB MOTORS,SWIFT,6
2024,February,ROSP,HABIB MOTORS ALIPUR,ALTO,17
2024,February,ROSP,KHANEWAL MOTORS,ALTO,18
2024,February,ROSP,KHANEWAL MOTORS,SWIFT,1
2024,February,ROSP,MIAN CHANNU MOTORS,ALTO,66
2024,February,ROSP,MIAN CHANNU MOTORS,SWIFT,6
2024,February,ROSP,MUZAFFARGARH MOTORS,ALTO,25
2024,February,ROSP,MUZAFFARGARH MOTORS,SWIFT,2
2024,February,ROSP,PAKPATTAN MOTORS,ALTO,26
2024,February,ROSP,PAKPATTAN MOTORS,SWIFT,2
2024,February,ROSP,PIONEER MOTORS,ALTO,21
2024,February,ROSP,PIONEER MOTORS,SWIFT,1
2024,February,ROSP,RAHIM YAR KHAN MOTORS,ALTO,36
2024,February,ROSP,RAHIM YAR KHAN MOTORS,SWIFT,2
2024,February,ROSP,RAJANPUR MOTORS,ALTO,11
2024,February,ROSP,RAJANPUR MOTORS,SWIFT,1
2024,February,ROSP,SADIQABAD MOTORS,ALTO,29
2024,February,ROSP,SADIQABAD MOTORS,SWIFT,7
2024,February,ROSP,SAHIWAL MOTORS,ALTO,26
2024,February,ROSP,SAHIWAL MOTORS,SWIFT,2
2024,February,ROSP,SHORKOT MOTORS,ALTO,48
2024,February,ROSP,SHORKOT MOTORS,SWIFT,6
2024,February,ROSP,SOUTH PUNJAB,ALTO,46
2024,February,ROSP,SOUTH PUNJAB,SWIFT,9
2024,February,ROSP,UNIQUE MOTORS,ALTO,43
2024,February,ROSP,UNIQUE MOTORS,SWIFT,9
2024,February,ROSP,UNITED MOTORS,ALTO,42
2024,February,ROSP,UNITED MOTORS,SWIFT,6
2024,March,ROSP,BAHAWALNAGAR MOTORS,ALTO,21
2024,March,ROSP,BAHAWALPUR MOTORS,ALTO,53
2024,March,ROSP,BAHAWALPUR MOTORS,SWIFT,2
2024,March,ROSP,CHICHAWATNI MOTORS,ALTO,23
2024,March,ROSP,DERAWAR MOTORS,ALTO,13
2024,March,ROSP,FORT MOTORS,ALTO,32
2024,March,ROSP,HABIB MOTORS,ALTO,30
2024,March,ROSP,HABIB MOTORS ALIPUR,ALTO,21
2024,March,ROSP,KHANEWAL MOTORS,ALTO,12
2024,March,ROSP,MIAN CHANNU MOTORS,ALTO,30
2024,March,ROSP,MUZAFFARGARH MOTORS,ALTO,18
2024,March,ROSP,PAKPATTAN MOTORS,ALTO,26
2024,March,ROSP,PIONEER MOTORS,ALTO,15
2024,March,ROSP,RAHIM YAR KHAN MOTORS,ALTO,30
2024,March,ROSP,RAJANPUR MOTORS,ALTO,10
2024,March,ROSP,SADIQABAD MOTORS,ALTO,18
2024,March,ROSP,SAHIWAL MOTORS,ALTO,27
2024,March,ROSP,SAHIWAL MOTORS,SWIFT,1
2024,March,ROSP,SHORKOT MOTORS,ALTO,27
2024,March,ROSP,SHORKOT MOTORS,SWIFT,2
2024,March,ROSP,SOUTH PUNJAB,ALTO,36
2024,March,ROSP,UNIQUE MOTORS,ALTO,27
2024,March,ROSP,UNIQUE MOTORS,SWIFT,4
2024,March,ROSP,UNITED MOTORS,ALTO,33
2024,March,ROSP,UNITED MOTORS,SWIFT,1
2024,April,ROSP,BAHAWALNAGAR MOTORS,ALTO,42
2024,April,ROSP,BAHAWALNAGAR MOTORS,SWIFT,2
2024,April,ROSP,BAHAWALPUR MOTORS,ALTO,28
2024,April,ROSP,BAHAWALPUR MOTORS,SWIFT,1
2024,April,ROSP,CHICHAWATNI MOTORS,ALTO,41
2024,April,ROSP,CHICHAWATNI MOTORS,SWIFT,4
2024,April,ROSP,DERAWAR MOTORS,ALTO,29
2024,April,ROSP,FORT MOTORS,ALTO,45
2024,April,ROSP,FORT MOTORS,SWIFT,4
2024,April,ROSP,HABIB MOTORS,ALTO,45
2024,April,ROSP,HABIB MOTORS,SWIFT,6
2024,April,ROSP,HABIB MOTORS ALIPUR,ALTO,25
2024,April,ROSP,HABIB MOTORS ALIPUR,SWIFT,3
2024,April,ROSP,KHANEWAL MOTORS,ALTO,34
2024,April,ROSP,KHANEWAL MOTORS,SWIFT,1
2024,April,ROSP,MIAN CHANNU MOTORS,ALTO,37
2024,April,ROSP,MIAN CHANNU MOTORS,SWIFT,6
2024,April,ROSP,MUZAFFARGARH MOTORS,ALTO,46
2024,April,ROSP,MUZAFFARGARH MOTORS,SWIFT,1
2024,April,ROSP,PAKPATTAN MOTORS,ALTO,43
2024,April,ROSP,PAKPATTAN MOTORS,SWIFT,2
2024,April,ROSP,PIONEER MOTORS,ALTO,41
2024,April,ROSP,PIONEER MOTORS,SWIFT,1
2024,April,ROSP,RAHIM YAR KHAN MOTORS,ALTO,38
2024,April,ROSP,RAHIM YAR KHAN MOTORS,SWIFT,4
2024,April,ROSP,RAJANPUR MOTORS,ALTO,19
2024,April,ROSP,SADIQABAD MOTORS,ALTO,47
2024,April,ROSP,SADIQABAD MOTORS,SWIFT,4
2024,April,ROSP,SAHIWAL MOTORS,ALTO,46
2024,April,ROSP,SAHIWAL MOTORS,SWIFT,2
2024,April,ROSP,SHORKOT MOTORS,ALTO,52
2024,April,ROSP,SHORKOT MOTORS,SWIFT,1
2024,April,ROSP,SOUTH PUNJAB,ALTO,49
2024,April,ROSP,SOUTH PUNJAB,SWIFT,7
2024,April,ROSP,UNIQUE MOTORS,ALTO,61
2024,April,ROSP,UNIQUE MOTORS,SWIFT,7
2024,April,ROSP,UNITED MOTORS,ALTO,70
2024,May,ROSP,BAHAWALNAGAR MOTORS,ALTO,30
2024,May,ROSP,BAHAWALNAGAR MOTORS,SWIFT,2
2024,May,ROSP,BAHAWALPUR MOTORS,ALTO,54
2024,May,ROSP,BAHAWALPUR MOTORS,SWIFT,6
2024,May,ROSP,CHICHAWATNI MOTORS,ALTO,31
2024,May,ROSP,CHICHAWATNI MOTORS,SWIFT,7
2024,May,ROSP,DERAWAR MOTORS,ALTO,21
2024,May,ROSP,DERAWAR MOTORS,SWIFT,3
2024,May,ROSP,FORT MOTORS,ALTO,33
2024,May,ROSP,FORT MOTORS,SWIFT,8
2024,May,ROSP,HABIB MOTORS,ALTO,37
2024,May,ROSP,HABIB MOTORS,SWIFT,7
2024,May,ROSP,HABIB MOTORS ALIPUR,ALTO,17
2024,May,ROSP,HABIB MOTORS ALIPUR,SWIFT,2
2024,May,ROSP,KHANEWAL MOTORS,ALTO,9
2024,May,ROSP,KHANEWAL MOTORS,SWIFT,4
2024,May,ROSP,MIAN CHANNU MOTORS,ALTO,30
2024,May,ROSP,MIAN CHANNU MOTORS,SWIFT,3
2024,May,ROSP,MUZAFFARGARH MOTORS,ALTO,29
2024,May,ROSP,MUZAFFARGARH MOTORS,SWIFT,5
2024,May,ROSP,PAKPATTAN MOTORS,ALTO,35
2024,May,ROSP,PAKPATTAN MOTORS,SWIFT,9
2024,May,ROSP,PIONEER MOTORS,ALTO,19
2024,May,ROSP,PIONEER MOTORS,SWIFT,4
2024,May,ROSP,RAHIM YAR KHAN MOTORS,ALTO,38
2024,May,ROSP,RAHIM YAR KHAN MOTORS,SWIFT,10
2024,May,ROSP,RAJANPUR MOTORS,ALTO,17
2024,May,ROSP,RAJANPUR MOTORS,SWIFT,2
2024,May,ROSP,SADIQABAD MOTORS,ALTO,20
2024,May,ROSP,SADIQABAD MOTORS,SWIFT,6
2024,May,ROSP,SAHIWAL MOTORS,ALTO,38
2024,May,ROSP,SAHIWAL MOTORS,SWIFT,9
2024,May,ROSP,SHORKOT MOTORS,ALTO,34
2024,May,ROSP,SHORKOT MOTORS,SWIFT,7
2024,May,ROSP,SOUTH PUNJAB,ALTO,41
2024,May,ROSP,SOUTH PUNJAB,SWIFT,5
2024,May,ROSP,UNIQUE MOTORS,ALTO,57
2024,May,ROSP,UNIQUE MOTORS,SWIFT,13
2024,May,ROSP,UNITED MOTORS,ALTO,59
2024,May,ROSP,UNITED MOTORS,SWIFT,10
2024,June,ROSP,BAHAWALNAGAR MOTORS,ALTO,41
2024,June,ROSP,BAHAWALNAGAR MOTORS,SWIFT,3
2024,June,ROSP,BAHAWALPUR MOTORS,ALTO,47
2024,June,ROSP,BAHAWALPUR MOTORS,SWIFT,3
2024,June,ROSP,CHICHAWATNI MOTORS,ALTO,34
2024,June,ROSP,CHICHAWATNI MOTORS,SWIFT,2
2024,June,ROSP,DERAWAR MOTORS,ALTO,37
2024,June,ROSP,DERAWAR MOTORS,SWIFT,1
2024,June,ROSP,FORT MOTORS,ALTO,34
2024,June,ROSP,FORT MOTORS,SWIFT,2
2024,June,ROSP,HABIB MOTORS,ALTO,45
2024,June,ROSP,HABIB MOTORS,SWIFT,6
2024,June,ROSP,HABIB MOTORS ALIPUR,ALTO,28
2024,June,ROSP,KHANEWAL MOTORS,ALTO,14
2024,June,ROSP,KHANEWAL MOTORS,SWIFT,1
2024,June,ROSP,MIAN CHANNU MOTORS,ALTO,41
2024,June,ROSP,MIAN CHANNU MOTORS,SWIFT,3
2024,June,ROSP,MUZAFFARGARH MOTORS,ALTO,37
2024,June,ROSP,MUZAFFARGARH MOTORS,SWIFT,4
2024,June,ROSP,PAKPATTAN MOTORS,ALTO,37
2024,June,ROSP,PAKPATTAN MOTORS,SWIFT,1
2024,June,ROSP,PIONEER MOTORS,ALTO,20
2024,June,ROSP,PIONEER MOTORS,SWIFT,2
2024,June,ROSP,RAHIM YAR KHAN MOTORS,ALTO,26
2024,June,ROSP,RAHIM YAR KHAN MOTORS,SWIFT,2
2024,June,ROSP,RAJANPUR MOTORS,ALTO,15
2024,June,ROSP,SADIQABAD MOTORS,ALTO,27
2024,June,ROSP,SADIQABAD MOTORS,SWIFT,3
2024,June,ROSP,SAHIWAL MOTORS,ALTO,33
2024,June,ROSP,SAHIWAL MOTORS,SWIFT,2
2024,June,ROSP,SHORKOT MOTORS,ALTO,41
2024,June,ROSP,SHORKOT MOTORS,SWIFT,4
2024,June,ROSP,SOUTH PUNJAB,ALTO,50
2024,June,ROSP,SOUTH PUNJAB,SWIFT,15
2024,June,ROSP,UNIQUE MOTORS,ALTO,42
2024,June,ROSP,UNIQUE MOTORS,SWIFT,6
2024,June,ROSP,UNITED MOTORS,ALTO,58
2024,June,ROSP,UNITED MOTORS,SWIFT,6
2024,July,ROSP,BAHAWALNAGAR MOTORS,ALTO,24
2024,July,ROSP,BAHAWALNAGAR MOTORS,SWIFT,2
2024,July,ROSP,BAHAWALPUR MOTORS,ALTO,39
2024,July,ROSP,BAHAWALPUR MOTORS,SWIFT,7
2024,July,ROSP,CHICHAWATNI MOTORS,ALTO,41
2024,July,ROSP,CHICHAWATNI MOTORS,SWIFT,5
2024,July,ROSP,DERAWAR MOTORS,ALTO,10
2024,July,ROSP,DERAWAR MOTORS,SWIFT,2
2024,July,ROSP,FORT MOTORS,ALTO,18
2024,July,ROSP,FORT MOTORS,SWIFT,2
2024,July,ROSP,HABIB MOTORS,ALTO,33
2024,July,ROSP,HABIB MOTORS,SWIFT,6
2024,July,ROSP,HABIB MOTORS ALIPUR,ALTO,20
2024,July,ROSP,HABIB MOTORS ALIPUR,SWIFT,1
2024,July,ROSP,KHANEWAL MOTORS,ALTO,26
2024,July,ROSP,KHANEWAL MOTORS,SWIFT,1
2024,July,ROSP,MIAN CHANNU MOTORS,ALTO,32
2024,July,ROSP,MIAN CHANNU MOTORS,SWIFT,7
2024,July,ROSP,MUZAFFARGARH MOTORS,ALTO,32
2024,July,ROSP,MUZAFFARGARH MOTORS,SWIFT,3
2024,July,ROSP,PAKPATTAN MOTORS,ALTO,26
2024,July,ROSP,PAKPATTAN MOTORS,SWIFT,4
2024,July,ROSP,PIONEER MOTORS,ALTO,26
2024,July,ROSP,RAHIM YAR KHAN MOTORS,ALTO,34
2024,July,ROSP,RAHIM YAR KHAN MOTORS,SWIFT,10
2024,July,ROSP,RAJANPUR MOTORS,ALTO,8
2024,July,ROSP,RAJANPUR MOTORS,SWIFT,1
2024,July,ROSP,SADIQABAD MOTORS,ALTO,22
2024,July,ROSP,SADIQABAD MOTORS,SWIFT,5
2024,July,ROSP,SAHIWAL MOTORS,ALTO,24
2024,July,ROSP,SAHIWAL MOTORS,SWIFT,6
2024,July,ROSP,SHORKOT MOTORS,ALTO,29
2024,July,ROSP,SHORKOT MOTORS,SWIFT,5
2024,July,ROSP,SOUTH PUNJAB,ALTO,39
2024,July,ROSP,SOUTH PUNJAB,SWIFT,6
2024,July,ROSP,UNIQUE MOTORS,ALTO,45
2024,July,ROSP,UNIQUE MOTORS,SWIFT,6
2024,July,ROSP,UNITED MOTORS,ALTO,41
2024,July,ROSP,UNITED MOTORS,SWIFT,4
2024,August,ROSP,BAHAWALNAGAR MOTORS,ALTO,17
2024,August,ROSP,BAHAWALNAGAR MOTORS,SWIFT,4
2024,August,ROSP,BAHAWALPUR MOTORS,ALTO,20
2024,August,ROSP,BAHAWALPUR MOTORS,SWIFT,4
2024,August,ROSP,CHICHAWATNI MOTORS,ALTO,16
2024,August,ROSP,CHICHAWATNI MOTORS,SWIFT,8
2024,August,ROSP,DERAWAR MOTORS,ALTO,6
2024,August,ROSP,DERAWAR MOTORS,SWIFT,3
2024,August,ROSP,FORT MOTORS,ALTO,11
2024,August,ROSP,FORT MOTORS,SWIFT,4
2024,August,ROSP,HABIB MOTORS,ALTO,13
2024,August,ROSP,HABIB MOTORS,SWIFT,6
2024,August,ROSP,HABIB MOTORS ALIPUR,ALTO,9
2024,August,ROSP,HABIB MOTORS ALIPUR,SWIFT,2
2024,August,ROSP,KHANEWAL MOTORS,ALTO,9
2024,August,ROSP,KHANEWAL MOTORS,SWIFT,1
2024,August,ROSP,MIAN CHANNU MOTORS,ALTO,10
2024,August,ROSP,MIAN CHANNU MOTORS,SWIFT,13
2024,August,ROSP,MUZAFFARGARH MOTORS,ALTO,11
2024,August,ROSP,MUZAFFARGARH MOTORS,SWIFT,5
2024,August,ROSP,PAKPATTAN MOTORS,ALTO,14
2024,August,ROSP,PAKPATTAN MOTORS,SWIFT,4
2024,August,ROSP,PIONEER MOTORS,ALTO,12
2024,August,ROSP,PIONEER MOTORS,SWIFT,6
2024,August,ROSP,RAHIM YAR KHAN MOTORS,ALTO,8
2024,August,ROSP,RAHIM YAR KHAN MOTORS,SWIFT,1
2024,August,ROSP,RAJANPUR MOTORS,ALTO,8
2024,August,ROSP,RAJANPUR MOTORS,SWIFT,2
2024,August,ROSP,SADIQABAD MOTORS,ALTO,9
2024,August,ROSP,SADIQABAD MOTORS,SWIFT,11
2024,August,ROSP,SAHIWAL MOTORS,ALTO,17
2024,August,ROSP,SAHIWAL MOTORS,SWIFT,3
2024,August,ROSP,SHORKOT MOTORS,ALTO,12
2024,August,ROSP,SHORKOT MOTORS,SWIFT,5
2024,August,ROSP,SOUTH PUNJAB,ALTO,17
2024,August,ROSP,SOUTH PUNJAB,SWIFT,4
2024,August,ROSP,UNIQUE MOTORS,ALTO,26
2024,August,ROSP,UNIQUE MOTORS,SWIFT,6
2024,August,ROSP,UNITED MOTORS,ALTO,10
2024,August,ROSP,UNITED MOTORS,SWIFT,10
2024,September,ROSP,BAHAWALNAGAR MOTORS,ALTO,20
2024,September,ROSP,BAHAWALNAGAR MOTORS,SWIFT,5
2024,September,ROSP,BAHAWALPUR MOTORS,ALTO,57
2024,September,ROSP,BAHAWALPUR MOTORS,SWIFT,6
2024,September,ROSP,CHICHAWATNI MOTORS,ALTO,20
2024,September,ROSP,CHICHAWATNI MOTORS,SWIFT,5
2024,September,ROSP,DEPALPUR MOTORS,ALTO,10
2024,September,ROSP,DEPALPUR MOTORS,SWIFT,1
2024,September,ROSP,DERAWAR MOTORS,ALTO,22
2024,September,ROSP,DERAWAR MOTORS,SWIFT,3
2024,September,ROSP,FORT MOTORS,ALTO,31
2024,September,ROSP,FORT MOTORS,SWIFT,3
2024,September,ROSP,HABIB MOTORS,ALTO,38
2024,September,ROSP,HABIB MOTORS,SWIFT,6
2024,September,ROSP,HABIB MOTORS ALIPUR,ALTO,18
2024,September,ROSP,HABIB MOTORS ALIPUR,SWIFT,1
2024,September,ROSP,KHANEWAL MOTORS,ALTO,20
2024,September,ROSP,KHANEWAL MOTORS,SWIFT,1
2024,September,ROSP,MIAN CHANNU MOTORS,ALTO,39
2024,September,ROSP,MIAN CHANNU MOTORS,SWIFT,3
2024,September,ROSP,MUZAFFARGARH MOTORS,ALTO,24
2024,September,ROSP,MUZAFFARGARH MOTORS,SWIFT,1
2024,September,ROSP,PAKPATTAN MOTORS,ALTO,29
2024,September,ROSP,PAKPATTAN MOTORS,SWIFT,4
2024,September,ROSP,PIONEER MOTORS,ALTO,21
2024,September,ROSP,PIONEER MOTORS,SWIFT,4
2024,September,ROSP,RAHIM YAR KHAN MOTORS,ALTO,32
2024,September,ROSP,RAHIM YAR KHAN MOTORS,SWIFT,6
2024,September,ROSP,RAJANPUR MOTORS,ALTO,11
2024,September,ROSP,RAJANPUR MOTORS,SWIFT,1
2024,September,ROSP,SADIQABAD MOTORS,ALTO,25
2024,September,ROSP,SADIQABAD MOTORS,SWIFT,6
2024,September,ROSP,SAHIWAL MOTORS,ALTO,25
2024,September,ROSP,SAHIWAL MOTORS,SWIFT,5
2024,September,ROSP,SHORKOT MOTORS,ALTO,32
2024,September,ROSP,SHORKOT MOTORS,SWIFT,5
2024,September,ROSP,SOUTH PUNJAB,ALTO,38
2024,September,ROSP,SOUTH PUNJAB,SWIFT,4
2024,September,ROSP,UNIQUE MOTORS,ALTO,38
2024,September,ROSP,UNIQUE MOTORS,SWIFT,2
2024,September,ROSP,UNITED MOTORS,ALTO,40
2024,September,ROSP,UNITED MOTORS,SWIFT,4
2024,October,ROSP,BAHAWALNAGAR MOTORS,ALTO,32
2024,October,ROSP,BAHAWALNAGAR MOTORS,SWIFT,2
2024,October,ROSP,BAHAWALPUR MOTORS,ALTO,62
2024,October,ROSP,BAHAWALPUR MOTORS,SWIFT,1
2024,October,ROSP,CHICHAWATNI MOTORS,ALTO,36
2024,October,ROSP,CHICHAWATNI MOTORS,SWIFT,4
2024,October,ROSP,DEPALPUR MOTORS,ALTO,12
2024,October,ROSP,DERAWAR MOTORS,ALTO,30
2024,October,ROSP,DERAWAR MOTORS,SWIFT,1
2024,October,ROSP,FORT MOTORS,ALTO,44
2024,October,ROSP,FORT MOTORS,SWIFT,3
2024,October,ROSP,HABIB MOTORS,ALTO,37
2024,October,ROSP,HABIB MOTORS,SWIFT,14
2024,October,ROSP,HABIB MOTORS ALIPUR,ALTO,23
2024,October,ROSP,HABIB MOTORS ALIPUR,SWIFT,3
2024,October,ROSP,KHANEWAL MOTORS,ALTO,34
2024,October,ROSP,KHANEWAL MOTORS,SWIFT,3
2024,October,ROSP,MIAN CHANNU MOTORS,ALTO,38
2024,October,ROSP,MIAN CHANNU MOTORS,SWIFT,2
2024,October,ROSP,MUZAFFARGARH MOTORS,ALTO,38
2024,October,ROSP,MUZAFFARGARH MOTORS,SWIFT,4
2024,October,ROSP,PAKPATTAN MOTORS,ALTO,35
2024,October,ROSP,PAKPATTAN MOTORS,SWIFT,3
2024,October,ROSP,PIONEER MOTORS,ALTO,41
2024,October,ROSP,PIONEER MOTORS,SWIFT,4
2024,October,ROSP,RAHIM YAR KHAN MOTORS,ALTO,35
2024,October,ROSP,RAHIM YAR KHAN MOTORS,SWIFT,3
2024,October,ROSP,RAJANPUR MOTORS,ALTO,11
2024,October,ROSP,SADIQABAD MOTORS,ALTO,26
2024,October,ROSP,SADIQABAD MOTORS,SWIFT,2
2024,October,ROSP,SAHIWAL MOTORS,ALTO,47
2024,October,ROSP,SAHIWAL MOTORS,SWIFT,3
2024,October,ROSP,SHORKOT MOTORS,ALTO,28
2024,October,ROSP,SHORKOT MOTORS,SWIFT,3
2024,October,ROSP,SOUTH PUNJAB,ALTO,54
2024,October,ROSP,SOUTH PUNJAB,SWIFT,7
2024,October,ROSP,UNIQUE MOTORS,ALTO,73
2024,October,ROSP,UNIQUE MOTORS,SWIFT,2
2024,October,ROSP,UNITED MOTORS,ALTO,70
2024,October,ROSP,UNITED MOTORS,SWIFT,5
2024,November,ROSP,BAHAWALNAGAR MOTORS,ALTO,20
2024,November,ROSP,BAHAWALNAGAR MOTORS,SWIFT,3
2024,November,ROSP,BAHAWALPUR MOTORS,ALTO,28
2024,November,ROSP,BAHAWALPUR MOTORS,SWIFT,4
2024,November,ROSP,CHICHAWATNI MOTORS,ALTO,20
2024,November,ROSP,CHICHAWATNI MOTORS,SWIFT,7
2024,November,ROSP,DEPALPUR MOTORS,ALTO,10
2024,November,ROSP,DERAWAR MOTORS,ALTO,17
2024,November,ROSP,DERAWAR MOTORS,SWIFT,1
2024,November,ROSP,FORT MOTORS,ALTO,28
2024,November,ROSP,FORT MOTORS,SWIFT,3
2024,November,ROSP,HABIB MOTORS,ALTO,21
2024,November,ROSP,HABIB MOTORS,SWIFT,9
2024,November,ROSP,HABIB MOTORS ALIPUR,ALTO,14
2024,November,ROSP,HABIB MOTORS ALIPUR,SWIFT,1
2024,November,ROSP,KHANEWAL MOTORS,ALTO,14
2024,November,ROSP,KHANEWAL MOTORS,SWIFT,1
2024,November,ROSP,MIAN CHANNU MOTORS,ALTO,37
2024,November,ROSP,MIAN CHANNU MOTORS,SWIFT,40
2024,November,ROSP,MUZAFFARGARH MOTORS,ALTO,25
2024,November,ROSP,MUZAFFARGARH MOTORS,SWIFT,2
2024,November,ROSP,PAKPATTAN MOTORS,ALTO,27
2024,November,ROSP,PAKPATTAN MOTORS,SWIFT,8
2024,November,ROSP,PIONEER MOTORS,ALTO,20
2024,November,ROSP,PIONEER MOTORS,SWIFT,7
2024,November,ROSP,RAHIM YAR KHAN MOTORS,ALTO,27
2024,November,ROSP,RAHIM YAR KHAN MOTORS,SWIFT,4
2024,November,ROSP,RAJANPUR MOTORS,ALTO,11
2024,November,ROSP,SADIQABAD MOTORS,ALTO,17
2024,November,ROSP,SADIQABAD MOTORS,SWIFT,2
2024,November,ROSP,SAHIWAL MOTORS,ALTO,21
2024,November,ROSP,SAHIWAL MOTORS,SWIFT,5
2024,November,ROSP,SHORKOT MOTORS,ALTO,23
2024,November,ROSP,SHORKOT MOTORS,SWIFT,5
2024,November,ROSP,SOUTH PUNJAB,ALTO,31
2024,November,ROSP,SOUTH PUNJAB,SWIFT,28
2024,November,ROSP,UNIQUE MOTORS,ALTO,21
2024,November,ROSP,UNIQUE MOTORS,SWIFT,7
2024,November,ROSP,UNITED MOTORS,ALTO,32
2024,November,ROSP,UNITED MOTORS,SWIFT,6
2024,December,ROSP,BAHAWALNAGAR MOTORS,ALTO,40
2024,December,ROSP,BAHAWALNAGAR MOTORS,SWIFT,4
2024,December,ROSP,BAHAWALPUR MOTORS,ALTO,75
2024,December,ROSP,BAHAWALPUR MOTORS,SWIFT,6
2024,December,ROSP,CHICHAWATNI MOTORS,ALTO,45
2024,December,ROSP,CHICHAWATNI MOTORS,SWIFT,2
2024,December,ROSP,DEPALPUR MOTORS,ALTO,12
2024,December,ROSP,DERAWAR MOTORS,ALTO,22
2024,December,ROSP,DERAWAR MOTORS,SWIFT,1
2024,December,ROSP,FORT MOTORS,ALTO,38
2024,December,ROSP,FORT MOTORS,SWIFT,8
2024,December,ROSP,HABIB MOTORS,ALTO,35
2024,December,ROSP,HABIB MOTORS,SWIFT,2
2024,December,ROSP,HABIB MOTORS ALIPUR,ALTO,21
2024,December,ROSP,HABIB MOTORS ALIPUR,SWIFT,1
2024,December,ROSP,KHANEWAL MOTORS,ALTO,26
2024,December,ROSP,KHANEWAL MOTORS,SWIFT,3
2024,December,ROSP,MIAN CHANNU MOTORS,ALTO,37
2024,December,ROSP,MIAN CHANNU MOTORS,SWIFT,20
2024,December,ROSP,MUZAFFARGARH MOTORS,ALTO,48
2024,December,ROSP,MUZAFFARGARH MOTORS,SWIFT,3
2024,December,ROSP,PAKPATTAN MOTORS,ALTO,29
2024,December,ROSP,PAKPATTAN MOTORS,SWIFT,2
2024,December,ROSP,PIONEER MOTORS,ALTO,30
2024,December,ROSP,PIONEER MOTORS,SWIFT,4
2024,December,ROSP,RAHIM YAR KHAN MOTORS,ALTO,28
2024,December,ROSP,RAHIM YAR KHAN MOTORS,SWIFT,3
2024,December,ROSP,RAJANPUR MOTORS,ALTO,13
2024,December,ROSP,SADIQABAD MOTORS,ALTO,32
2024,December,ROSP,SADIQABAD MOTORS,SWIFT,3
2024,December,ROSP,SAHIWAL MOTORS,ALTO,35
2024,December,ROSP,SAHIWAL MOTORS,SWIFT,10
2024,December,ROSP,SHORKOT MOTORS,ALTO,41
2024,December,ROSP,SHORKOT MOTORS,SWIFT,1
2024,December,ROSP,SOUTH PUNJAB,ALTO,40
2024,December,ROSP,SOUTH PUNJAB,SWIFT,13
2024,December,ROSP,UNIQUE MOTORS,ALTO,68
2024,December,ROSP,UNIQUE MOTORS,SWIFT,6
2024,December,ROSP,UNITED MOTORS,ALTO,64
2024,December,ROSP,UNITED MOTORS,SWIFT,7
2025,January,ROSP,BAHAWALNAGAR MOTORS,ALTO,41
2025,January,ROSP,BAHAWALNAGAR MOTORS,SWIFT,3
2025,January,ROSP,BAHAWALPUR MOTORS,ALTO,54
2025,January,ROSP,BAHAWALPUR MOTORS,SWIFT,11
2025,January,ROSP,CHICHAWATNI MOTORS,ALTO,37
2025,January,ROSP,CHICHAWATNI MOTORS,SWIFT,5
2025,January,ROSP,DEPALPUR MOTORS,ALTO,17
2025,January,ROSP,DEPALPUR MOTORS,SWIFT,1
2025,January,ROSP,DERAWAR MOTORS,ALTO,27
2025,January,ROSP,DERAWAR MOTORS,SWIFT,2
2025,January,ROSP,FORT MOTORS,ALTO,48
2025,January,ROSP,FORT MOTORS,SWIFT,29
2025,January,ROSP,HABIB MOTORS,ALTO,54
2025,January,ROSP,HABIB MOTORS,SWIFT,6
2025,January,ROSP,HABIB MOTORS ALIPUR,ALTO,28
2025,January,ROSP,HABIB MOTORS ALIPUR,SWIFT,1
2025,January,ROSP,KHANEWAL MOTORS,ALTO,25
2025,January,ROSP,MIAN CHANNU MOTORS,ALTO,42
2025,January,ROSP,MIAN CHANNU MOTORS,SWIFT,36
2025,January,ROSP,MUZAFFARGARH MOTORS,ALTO,38
2025,January,ROSP,MUZAFFARGARH MOTORS,SWIFT,4
2025,January,ROSP,PAKPATTAN MOTORS,ALTO,45
2025,January,ROSP,PAKPATTAN MOTORS,SWIFT,4
2025,January,ROSP,PIONEER MOTORS,ALTO,40
2025,January,ROSP,PIONEER MOTORS,SWIFT,4
2025,January,ROSP,RAHIM YAR KHAN MOTORS,ALTO,49
2025,January,ROSP,RAHIM YAR KHAN MOTORS,SWIFT,11
2025,January,ROSP,RAJANPUR MOTORS,ALTO,15
2025,January,ROSP,SADIQABAD MOTORS,ALTO,35
2025,January,ROSP,SADIQABAD MOTORS,SWIFT,6
2025,January,ROSP,SAHIWAL MOTORS,ALTO,47
2025,January,ROSP,SAHIWAL MOTORS,SWIFT,6
2025,January,ROSP,SHORKOT MOTORS,ALTO,44
2025,January,ROSP,SHORKOT MOTORS,SWIFT,6
2025,January,ROSP,SOUTH PUNJAB,ALTO,56
2025,January,ROSP,SOUTH PUNJAB,SWIFT,89
2025,January,ROSP,UNIQUE MOTORS,ALTO,52
2025,January,ROSP,UNIQUE MOTORS,SWIFT,13
2025,January,ROSP,UNITED MOTORS,ALTO,52
2025,January,ROSP,UNITED MOTORS,SWIFT,6
2025,February,ROSP,BAHAWALNAGAR MOTORS,ALTO,23
2025,February,ROSP,BAHAWALNAGAR MOTORS,SWIFT,3
2025,February,ROSP,BAHAWALPUR MOTORS,ALTO,37
2025,February,ROSP,BAHAWALPUR MOTORS,SWIFT,7
2025,February,ROSP,CHICHAWATNI MOTORS,ALTO,30
2025,February,ROSP,CHICHAWATNI MOTORS,SWIFT,6
2025,February,ROSP,DEPALPUR MOTORS,ALTO,11
2025,February,ROSP,DEPALPUR MOTORS,SWIFT,2
2025,February,ROSP,DERAWAR MOTORS,ALTO,15
2025,February,ROSP,FORT MOTORS,ALTO,29
2025,February,ROSP,FORT MOTORS,SWIFT,3
2025,February,ROSP,HABIB MOTORS,ALTO,32
2025,February,ROSP,HABIB MOTORS,SWIFT,6
2025,February,ROSP,HABIB MOTORS ALIPUR,ALTO,15
2025,February,ROSP,HABIB MOTORS ALIPUR,SWIFT,1
2025,February,ROSP,KHANEWAL MOTORS,ALTO,22
2025,February,ROSP,KHANEWAL MOTORS,SWIFT,3
2025,February,ROSP,MIAN CHANNU MOTORS,ALTO,81
2025,February,ROSP,MIAN CHANNU MOTORS,SWIFT,22
2025,February,ROSP,MUZAFFARGARH MOTORS,ALTO,43
2025,February,ROSP,MUZAFFARGARH MOTORS,SWIFT,3
2025,February,ROSP,PAKPATTAN MOTORS,ALTO,27
2025,February,ROSP,PAKPATTAN MOTORS,SWIFT,2
2025,February,ROSP,PIONEER MOTORS,ALTO,32
2025,February,ROSP,PIONEER MOTORS,SWIFT,4
2025,February,ROSP,RAHIM YAR KHAN MOTORS,ALTO,27
2025,February,ROSP,RAHIM YAR KHAN MOTORS,SWIFT,6
2025,February,ROSP,RAJANPUR MOTORS,ALTO,13
2025,February,ROSP,RAJANPUR MOTORS,SWIFT,2
2025,February,ROSP,SADIQABAD MOTORS,ALTO,26
2025,February,ROSP,SADIQABAD MOTORS,SWIFT,1
2025,February,ROSP,SAHIWAL MOTORS,ALTO,40
2025,February,ROSP,SAHIWAL MOTORS,SWIFT,3
2025,February,ROSP,SHORKOT MOTORS,ALTO,37
2025,February,ROSP,SHORKOT MOTORS,SWIFT,5
2025,February,ROSP,SOUTH PUNJAB,ALTO,38
2025,February,ROSP,SOUTH PUNJAB,SWIFT,6
2025,February,ROSP,UNIQUE MOTORS,ALTO,46
2025,February,ROSP,UNIQUE MOTORS,SWIFT,8
2025,February,ROSP,UNITED MOTORS,ALTO,54
2025,February,ROSP,UNITED MOTORS,SWIFT,3
2025,March,ROSP,BAHAWALNAGAR MOTORS,ALTO,30
2025,March,ROSP,BAHAWALNAGAR MOTORS,SWIFT,1
2025,March,ROSP,BAHAWALPUR MOTORS,ALTO,50
2025,March,ROSP,BAHAWALPUR MOTORS,SWIFT,9
2025,March,ROSP,CHICHAWATNI MOTORS,ALTO,16
2025,March,ROSP,CHICHAWATNI MOTORS,SWIFT,4
2025,March,ROSP,DEPALPUR MOTORS,ALTO,10
2025,March,ROSP,DEPALPUR MOTORS,SWIFT,1
2025,March,ROSP,DERAWAR MOTORS,ALTO,25
2025,March,ROSP,DERAWAR MOTORS,SWIFT,2
2025,March,ROSP,FORT MOTORS,ALTO,21
2025,March,ROSP,FORT MOTORS,SWIFT,7
2025,March,ROSP,HABIB MOTORS,ALTO,32
2025,March,ROSP,HABIB MOTORS,SWIFT,6
2025,March,ROSP,HABIB MOTORS ALIPUR,ALTO,23
2025,March,ROSP,HABIB MOTORS ALIPUR,SWIFT,1
2025,March,ROSP,KHANEWAL MOTORS,ALTO,20
2025,March,ROSP,KHANEWAL MOTORS,SWIFT,1
2025,March,ROSP,MIAN CHANNU MOTORS,ALTO,19
2025,March,ROSP,MIAN CHANNU MOTORS,SWIFT,8
2025,March,ROSP,MUZAFFARGARH MOTORS,ALTO,30
2025,March,ROSP,MUZAFFARGARH MOTORS,SWIFT,8
2025,March,ROSP,PAKPATTAN MOTORS,ALTO,12
2025,March,ROSP,PAKPATTAN MOTORS,SWIFT,1
2025,March,ROSP,PIONEER MOTORS,ALTO,18
2025,March,ROSP,PIONEER MOTORS,SWIFT,1
2025,March,ROSP,RAHIM YAR KHAN MOTORS,ALTO,19
2025,March,ROSP,RAHIM YAR KHAN MOTORS,SWIFT,3
2025,March,ROSP,RAJANPUR MOTORS,ALTO,6
2025,March,ROSP,SADIQABAD MOTORS,ALTO,11
2025,March,ROSP,SADIQABAD MOTORS,SWIFT,6
2025,March,ROSP,SAHIWAL MOTORS,ALTO,22
2025,March,ROSP,SAHIWAL MOTORS,SWIFT,4
2025,March,ROSP,SHORKOT MOTORS,ALTO,16
2025,March,ROSP,SHORKOT MOTORS,SWIFT,4
2025,March,ROSP,SOUTH PUNJAB,ALTO,35
2025,March,ROSP,SOUTH PUNJAB,SWIFT,8
2025,March,ROSP,UNIQUE MOTORS,ALTO,35
2025,March,ROSP,UNIQUE MOTORS,SWIFT,1
2025,March,ROSP,UNITED MOTORS,ALTO,45
2025,March,ROSP,UNITED MOTORS,SWIFT,5
2025,April,ROSP,BAHAWALNAGAR MOTORS,ALTO,6
2025,April,ROSP,BAHAWALNAGAR MOTORS,SWIFT,2
2025,April,ROSP,BAHAWALPUR MOTORS,ALTO,24
2025,April,ROSP,BAHAWALPUR MOTORS,SWIFT,1
2025,April,ROSP,CHICHAWATNI MOTORS,ALTO,5
2025,April,ROSP,CHICHAWATNI MOTORS,SWIFT,2
2025,April,ROSP,DEPALPUR MOTORS,ALTO,4
2025,April,ROSP,DERAWAR MOTORS,ALTO,14
2025,April,ROSP,FORT MOTORS,ALTO,21
2025,April,ROSP,FORT MOTORS,SWIFT,1
2025,April,ROSP,HABIB MOTORS,ALTO,9
2025,April,ROSP,HABIB MOTORS,SWIFT,2
2025,April,ROSP,HABIB MOTORS ALIPUR,ALTO,5
2025,April,ROSP,KHANEWAL MOTORS,ALTO,3
2025,April,ROSP,KHANEWAL MOTORS,SWIFT,1
2025,April,ROSP,MIAN CHANNU MOTORS,ALTO,6
2025,April,ROSP,MIAN CHANNU MOTORS,SWIFT,5
2025,April,ROSP,MUZAFFARGARH MOTORS,ALTO,20
2025,April,ROSP,PAKPATTAN MOTORS,ALTO,8
2025,April,ROSP,PIONEER MOTORS,ALTO,12
2025,April,ROSP,PIONEER MOTORS,SWIFT,1
2025,April,ROSP,RAHIM YAR KHAN MOTORS,ALTO,11
2025,April,ROSP,RAJANPUR MOTORS,ALTO,4
2025,April,ROSP,SADIQABAD MOTORS,ALTO,7
2025,April,ROSP,SADIQABAD MOTORS,SWIFT,1
2025,April,ROSP,SAHIWAL MOTORS,ALTO,11
2025,April,ROSP,SAHIWAL MOTORS,SWIFT,3
2025,April,ROSP,SHORKOT MOTORS,ALTO,14
2025,April,ROSP,SHORKOT MOTORS,SWIFT,2
2025,April,ROSP,SOUTH PUNJAB,ALTO,20
2025,April,ROSP,SOUTH PUNJAB,SWIFT,6
2025,April,ROSP,UNIQUE MOTORS,ALTO,17
2025,April,ROSP,UNIQUE MOTORS,SWIFT,6
2025,April,ROSP,UNITED MOTORS,ALTO,16
2025,April,ROSP,UNITED MOTORS,SWIFT,3
2025,May,ROSP,BAHAWALNAGAR MOTORS,ALTO,19
2025,May,ROSP,BAHAWALPUR MOTORS,ALTO,26
2025,May,ROSP,BAHAWALPUR MOTORS,SWIFT,3
2025,May,ROSP,CHICHAWATNI MOTORS,ALTO,27
2025,May,ROSP,CHICHAWATNI MOTORS,SWIFT,6
2025,May,ROSP,DEPALPUR MOTORS,ALTO,11
2025,May,ROSP,DERAWAR MOTORS,ALTO,10
2025,May,ROSP,DERAWAR MOTORS,SWIFT,2
2025,May,ROSP,FORT MOTORS,ALTO,28
2025,May,ROSP,FORT MOTORS,SWIFT,3
2025,May,ROSP,HABIB MOTORS,ALTO,32
2025,May,ROSP,HABIB MOTORS,SWIFT,7
2025,May,ROSP,HABIB MOTORS ALIPUR,ALTO,21
2025,May,ROSP,HABIB MOTORS ALIPUR,SWIFT,3
2025,May,ROSP,KHANEWAL MOTORS,ALTO,23
2025,May,ROSP,KHANEWAL MOTORS,SWIFT,1
2025,May,ROSP,MIAN CHANNU MOTORS,ALTO,48
2025,May,ROSP,MIAN CHANNU MOTORS,SWIFT,10
2025,May,ROSP,MUZAFFARGARH MOTORS,ALTO,27
2025,May,ROSP,MUZAFFARGARH MOTORS,SWIFT,2
2025,May,ROSP,PAKPATTAN MOTORS,ALTO,22
2025,May,ROSP,PAKPATTAN MOTORS,SWIFT,2
2025,May,ROSP,PIONEER MOTORS,ALTO,30
2025,May,ROSP,PIONEER MOTORS,SWIFT,5
2025,May,ROSP,RAHIM YAR KHAN MOTORS,ALTO,33
2025,May,ROSP,RAHIM YAR KHAN MOTORS,SWIFT,2
2025,May,ROSP,RAJANPUR MOTORS,ALTO,4
2025,May,ROSP,RAJANPUR MOTORS,SWIFT,1
2025,May,ROSP,SADIQABAD MOTORS,ALTO,20
2025,May,ROSP,SADIQABAD MOTORS,SWIFT,1
2025,May,ROSP,SAHIWAL MOTORS,ALTO,29
2025,May,ROSP,SAHIWAL MOTORS,SWIFT,6
2025,May,ROSP,SHORKOT MOTORS,ALTO,12
2025,May,ROSP,SHORKOT MOTORS,SWIFT,1
2025,May,ROSP,SOUTH PUNJAB,ALTO,35
2025,May,ROSP,SOUTH PUNJAB,SWIFT,5
2025,May,ROSP,UNIQUE MOTORS,ALTO,49
2025,May,ROSP,UNIQUE MOTORS,SWIFT,12
2025,May,ROSP,UNITED MOTORS,ALTO,52
2025,May,ROSP,UNITED MOTORS,SWIFT,2
2025,June,ROSP,BAHAWALNAGAR MOTORS,ALTO,107
2025,June,ROSP,BAHAWALNAGAR MOTORS,SWIFT,11
2025,June,ROSP,BAHAWALPUR MOTORS,ALTO,204
2025,June,ROSP,BAHAWALPUR MOTORS,SWIFT,16
2025,June,ROSP,CHICHAWATNI MOTORS,ALTO,80
2025,June,ROSP,CHICHAWATNI MOTORS,SWIFT,29
2025,June,ROSP,DEPALPUR MOTORS,ALTO,57
2025,June,ROSP,DEPALPUR MOTORS,SWIFT,6
2025,June,ROSP,DERAWAR MOTORS,ALTO,63
2025,June,ROSP,DERAWAR MOTORS,SWIFT,5
2025,June,ROSP,FORT MOTORS,ALTO,95
2025,June,ROSP,FORT MOTORS,SWIFT,20
2025,June,ROSP,HABIB MOTORS,ALTO,124
2025,June,ROSP,HABIB MOTORS,SWIFT,24
2025,June,ROSP,HABIB MOTORS ALIPUR,ALTO,60
2025,June,ROSP,HABIB MOTORS ALIPUR,SWIFT,2
2025,June,ROSP,KHANEWAL MOTORS,ALTO,57
2025,June,ROSP,KHANEWAL MOTORS,SWIFT,4
2025,June,ROSP,MIAN CHANNU MOTORS,ALTO,56
2025,June,ROSP,MIAN CHANNU MOTORS,SWIFT,41
2025,June,ROSP,MUZAFFARGARH MOTORS,ALTO,129
2025,June,ROSP,MUZAFFARGARH MOTORS,SWIFT,21
2025,June,ROSP,PAKPATTAN MOTORS,ALTO,56
2025,June,ROSP,PAKPATTAN MOTORS,SWIFT,7
2025,June,ROSP,PIONEER MOTORS,ALTO,76
2025,June,ROSP,PIONEER MOTORS,SWIFT,40
2025,June,ROSP,RAHIM YAR KHAN MOTORS,ALTO,65
2025,June,ROSP,RAHIM YAR KHAN MOTORS,SWIFT,12
2025,June,ROSP,RAJANPUR MOTORS,ALTO,35
2025,June,ROSP,RAJANPUR MOTORS,SWIFT,4
2025,June,ROSP,SADIQABAD MOTORS,ALTO,56
2025,June,ROSP,SADIQABAD MOTORS,SWIFT,10
2025,June,ROSP,SAHIWAL MOTORS,ALTO,107
2025,June,ROSP,SAHIWAL MOTORS,SWIFT,13
2025,June,ROSP,SHORKOT MOTORS,ALTO,79
2025,June,ROSP,SHORKOT MOTORS,SWIFT,18
2025,June,ROSP,SOUTH PUNJAB,ALTO,113
2025,June,ROSP,SOUTH PUNJAB,SWIFT,39
2025,June,ROSP,UNIQUE MOTORS,ALTO,116
2025,June,ROSP,UNIQUE MOTORS,SWIFT,32
2025,June,ROSP,UNITED MOTORS,ALTO,177
2025,June,ROSP,UNITED MOTORS,SWIFT,25
2025,July,ROSP,BAHAWALNAGAR MOTORS,ALTO,13
2025,July,ROSP,BAHAWALNAGAR MOTORS,SWIFT,4
2025,July,ROSP,BAHAWALPUR MOTORS,ALTO,33
2025,July,ROSP,BAHAWALPUR MOTORS,SWIFT,3
2025,July,ROSP,CHICHAWATNI MOTORS,ALTO,15
2025,July,ROSP,CHICHAWATNI MOTORS,SWIFT,11
2025,July,ROSP,DEPALPUR MOTORS,ALTO,11
2025,July,ROSP,DEPALPUR MOTORS,SWIFT,3
2025,July,ROSP,DERAWAR MOTORS,ALTO,16
2025,July,ROSP,DERAWAR MOTORS,SWIFT,1
2025,July,ROSP,FORT MOTORS,ALTO,25
2025,July,ROSP,FORT MOTORS,SWIFT,6
2025,July,ROSP,HABIB MOTORS,ALTO,42
2025,July,ROSP,HABIB MOTORS,SWIFT,12
2025,July,ROSP,HABIB MOTORS ALIPUR,ALTO,14
2025,July,ROSP,HABIB MOTORS ALIPUR,SWIFT,1
2025,July,ROSP,KHANEWAL MOTORS,ALTO,14
2025,July,ROSP,KHANEWAL MOTORS,SWIFT,2
2025,July,ROSP,MIAN CHANNU MOTORS,ALTO,33
2025,July,ROSP,MIAN CHANNU MOTORS,SWIFT,6
2025,July,ROSP,MUZAFFARGARH MOTORS,ALTO,28
2025,July,ROSP,MUZAFFARGARH MOTORS,SWIFT,3
2025,July,ROSP,PAKPATTAN MOTORS,ALTO,26
2025,July,ROSP,PIONEER MOTORS,ALTO,20
2025,July,ROSP,PIONEER MOTORS,SWIFT,1
2025,July,ROSP,RAHIM YAR KHAN MOTORS,ALTO,26
2025,July,ROSP,RAHIM YAR KHAN MOTORS,SWIFT,5
2025,July,ROSP,RAJANPUR MOTORS,ALTO,6
2025,July,ROSP,RAJANPUR MOTORS,SWIFT,1
2025,July,ROSP,SADIQABAD MOTORS,ALTO,14
2025,July,ROSP,SADIQABAD MOTORS,SWIFT,3
2025,July,ROSP,SAHIWAL MOTORS,ALTO,12
2025,July,ROSP,SAHIWAL MOTORS,SWIFT,3
2025,July,ROSP,SHORKOT MOTORS,ALTO,19
2025,July,ROSP,SHORKOT MOTORS,SWIFT,3
2025,July,ROSP,SOUTH PUNJAB,ALTO,25
2025,July,ROSP,SOUTH PUNJAB,SWIFT,10
2025,July,ROSP,UNIQUE MOTORS,ALTO,24
2025,July,ROSP,UNIQUE MOTORS,SWIFT,8
2025,July,ROSP,UNITED MOTORS,ALTO,42
2025,July,ROSP,UNITED MOTORS,SWIFT,2
2025,August,ROSP,BAHAWALNAGAR MOTORS,ALTO,29
2025,August,ROSP,BAHAWALNAGAR MOTORS,SWIFT,5
2025,August,ROSP,BAHAWALPUR MOTORS,ALTO,54
2025,August,ROSP,BAHAWALPUR MOTORS,SWIFT,24
2025,August,ROSP,CHICHAWATNI MOTORS,ALTO,22
2025,August,ROSP,CHICHAWATNI MOTORS,SWIFT,11
2025,August,ROSP,DEPALPUR MOTORS,ALTO,17
2025,August,ROSP,DERAWAR MOTORS,ALTO,26
2025,August,ROSP,DERAWAR MOTORS,SWIFT,2
2025,August,ROSP,FORT MOTORS,ALTO,38
2025,August,ROSP,FORT MOTORS,SWIFT,10
2025,August,ROSP,HABIB MOTORS,ALTO,53
2025,August,ROSP,HABIB MOTORS,SWIFT,28
2025,August,ROSP,HABIB MOTORS ALIPUR,ALTO,28
2025,August,ROSP,HABIB MOTORS ALIPUR,SWIFT,3
2025,August,ROSP,KHANEWAL MOTORS,ALTO,25
2025,August,ROSP,KHANEWAL MOTORS,SWIFT,2
2025,August,ROSP,MIAN CHANNU MOTORS,ALTO,42
2025,August,ROSP,MIAN CHANNU MOTORS,SWIFT,21
2025,August,ROSP,MUZAFFARGARH MOTORS,ALTO,49
2025,August,ROSP,MUZAFFARGARH MOTORS,SWIFT,18
2025,August,ROSP,PAKPATTAN MOTORS,ALTO,31
2025,August,ROSP,PAKPATTAN MOTORS,SWIFT,4
2025,August,ROSP,PIONEER MOTORS,ALTO,25
2025,August,ROSP,PIONEER MOTORS,SWIFT,10
2025,August,ROSP,RAHIM YAR KHAN MOTORS,ALTO,30
2025,August,ROSP,RAHIM YAR KHAN MOTORS,SWIFT,5
2025,August,ROSP,RAJANPUR MOTORS,ALTO,9
2025,August,ROSP,RAJANPUR MOTORS,SWIFT,4
2025,August,ROSP,SADIQABAD MOTORS,ALTO,35
2025,August,ROSP,SADIQABAD MOTORS,SWIFT,4
2025,August,ROSP,SAHIWAL MOTORS,ALTO,39
2025,August,ROSP,SAHIWAL MOTORS,SWIFT,10
2025,August,ROSP,SHORKOT MOTORS,ALTO,39
2025,August,ROSP,SHORKOT MOTORS,SWIFT,3
2025,August,ROSP,SOUTH PUNJAB,ALTO,51
2025,August,ROSP,SOUTH PUNJAB,SWIFT,27
2025,August,ROSP,UNIQUE MOTORS,ALTO,54
2025,August,ROSP,UNIQUE MOTORS,SWIFT,10
2025,August,ROSP,UNITED MOTORS,ALTO,55
2025,August,ROSP,UNITED MOTORS,SWIFT,8
2025,September,ROSP,BAHAWALNAGAR MOTORS,ALTO,50
2025,September,ROSP,BAHAWALNAGAR MOTORS,SWIFT,4
2025,September,ROSP,BAHAWALPUR MOTORS,ALTO,68
2025,September,ROSP,BAHAWALPUR MOTORS,SWIFT,11
2025,September,ROSP,CHICHAWATNI MOTORS,ALTO,36
2025,September,ROSP,CHICHAWATNI MOTORS,SWIFT,11
2025,September,ROSP,DEPALPUR MOTORS,ALTO,18
2025,September,ROSP,DEPALPUR MOTORS,SWIFT,2
2025,September,ROSP,DERAWAR MOTORS,ALTO,21
2025,September,ROSP,DERAWAR MOTORS,SWIFT,1
2025,September,ROSP,FORT MOTORS,ALTO,42
2025,September,ROSP,FORT MOTORS,SWIFT,4
2025,September,ROSP,HABIB MOTORS,ALTO,56
2025,September,ROSP,HABIB MOTORS,SWIFT,23
2025,September,ROSP,HABIB MOTORS ALIPUR,ALTO,30
2025,September,ROSP,HABIB MOTORS ALIPUR,SWIFT,4
2025,September,ROSP,KHANEWAL MOTORS,ALTO,23
2025,September,ROSP,KHANEWAL MOTORS,SWIFT,4
2025,September,ROSP,MIAN CHANNU MOTORS,ALTO,57
2025,September,ROSP,MIAN CHANNU MOTORS,SWIFT,18
2025,September,ROSP,MUZAFFARGARH MOTORS,ALTO,43
2025,September,ROSP,MUZAFFARGARH MOTORS,SWIFT,8
2025,September,ROSP,PAKPATTAN MOTORS,ALTO,45
2025,September,ROSP,PAKPATTAN MOTORS,SWIFT,4
2025,September,ROSP,PIONEER MOTORS,ALTO,24
2025,September,ROSP,PIONEER MOTORS,SWIFT,9
2025,September,ROSP,RAHIM YAR KHAN MOTORS,ALTO,46
2025,September,ROSP,RAHIM YAR KHAN MOTORS,SWIFT,9
2025,September,ROSP,RAJANPUR MOTORS,ALTO,7
2025,September,ROSP,RAJANPUR MOTORS,SWIFT,4
2025,September,ROSP,SADIQABAD MOTORS,ALTO,34
2025,September,ROSP,SADIQABAD MOTORS,SWIFT,4
2025,September,ROSP,SAHIWAL MOTORS,ALTO,29
2025,September,ROSP,SAHIWAL MOTORS,SWIFT,10
2025,September,ROSP,SHORKOT MOTORS,ALTO,48
2025,September,ROSP,SHORKOT MOTORS,SWIFT,14
2025,September,ROSP,SOUTH PUNJAB,ALTO,41
2025,September,ROSP,SOUTH PUNJAB,SWIFT,33
2025,September,ROSP,UNIQUE MOTORS,ALTO,66
2025,September,ROSP,UNIQUE MOTORS,SWIFT,16
2025,September,ROSP,UNITED MOTORS,ALTO,80
2025,September,ROSP,UNITED MOTORS,SWIFT,15
2025,October,ROSP,BAHAWALNAGAR MOTORS,ALTO,37
2025,October,ROSP,BAHAWALNAGAR MOTORS,SWIFT,6
2025,October,ROSP,BAHAWALPUR MOTORS,ALTO,68
2025,October,ROSP,BAHAWALPUR MOTORS,SWIFT,16
2025,October,ROSP,CHICHAWATNI MOTORS,ALTO,26
2025,October,ROSP,CHICHAWATNI MOTORS,SWIFT,13
2025,October,ROSP,DEPALPUR MOTORS,ALTO,13
2025,October,ROSP,DEPALPUR MOTORS,SWIFT,5
2025,October,ROSP,DERAWAR MOTORS,ALTO,38
2025,October,ROSP,DERAWAR MOTORS,SWIFT,3
2025,October,ROSP,FORT MOTORS,ALTO,29
2025,October,ROSP,FORT MOTORS,SWIFT,4
2025,October,ROSP,HABIB MOTORS,ALTO,63
2025,October,ROSP,HABIB MOTORS,SWIFT,15
2025,October,ROSP,HABIB MOTORS ALIPUR,ALTO,31
2025,October,ROSP,HABIB MOTORS ALIPUR,SWIFT,3
2025,October,ROSP,KHANEWAL MOTORS,ALTO,22
2025,October,ROSP,KHANEWAL MOTORS,SWIFT,2
2025,October,ROSP,MIAN CHANNU MOTORS,ALTO,88
2025,October,ROSP,MIAN CHANNU MOTORS,SWIFT,37
2025,October,ROSP,MULTAN CITY MOTORS,ALTO,26
2025,October,ROSP,MULTAN CITY MOTORS,SWIFT,3
2025,October,ROSP,MUZAFFARGARH MOTORS,ALTO,41
2025,October,ROSP,MUZAFFARGARH MOTORS,SWIFT,9
2025,October,ROSP,PAKPATTAN MOTORS,ALTO,44
2025,October,ROSP,PAKPATTAN MOTORS,SWIFT,14
2025,October,ROSP,PIONEER MOTORS,ALTO,31
2025,October,ROSP,PIONEER MOTORS,SWIFT,7
2025,October,ROSP,RAHIM YAR KHAN MOTORS,ALTO,35
2025,October,ROSP,RAHIM YAR KHAN MOTORS,SWIFT,12
2025,October,ROSP,RAJANPUR MOTORS,ALTO,9
2025,October,ROSP,RAJANPUR MOTORS,SWIFT,2
2025,October,ROSP,SADIQABAD MOTORS,ALTO,34
2025,October,ROSP,SADIQABAD MOTORS,SWIFT,6
2025,October,ROSP,SAHIWAL MOTORS,ALTO,38
2025,October,ROSP,SAHIWAL MOTORS,SWIFT,10
2025,October,ROSP,SHORKOT MOTORS,ALTO,57
2025,October,ROSP,SHORKOT MOTORS,SWIFT,7
2025,October,ROSP,SOUTH PUNJAB,ALTO,58
2025,October,ROSP,SOUTH PUNJAB,SWIFT,21
2025,October,ROSP,UNIQUE MOTORS,ALTO,44
2025,October,ROSP,UNIQUE MOTORS,SWIFT,12
2025,October,ROSP,UNITED MOTORS,ALTO,61
2025,October,ROSP,UNITED MOTORS,SWIFT,8
2025,November,ROSP,BAHAWALNAGAR MOTORS,ALTO,33
2025,November,ROSP,BAHAWALNAGAR MOTORS,SWIFT,4
2025,November,ROSP,BAHAWALPUR MOTORS,ALTO,61
2025,November,ROSP,BAHAWALPUR MOTORS,SWIFT,11
2025,November,ROSP,CHICHAWATNI MOTORS,ALTO,41
2025,November,ROSP,CHICHAWATNI MOTORS,SWIFT,14
2025,November,ROSP,DEPALPUR MOTORS,ALTO,24
2025,November,ROSP,DERAWAR MOTORS,ALTO,31
2025,November,ROSP,DERAWAR MOTORS,SWIFT,3
2025,November,ROSP,FORT MOTORS,ALTO,21
2025,November,ROSP,FORT MOTORS,SWIFT,8
2025,November,ROSP,HABIB MOTORS,ALTO,48
2025,November,ROSP,HABIB MOTORS,SWIFT,25
2025,November,ROSP,HABIB MOTORS ALIPUR,ALTO,30
2025,November,ROSP,HABIB MOTORS ALIPUR,SWIFT,3
2025,November,ROSP,KHANEWAL MOTORS,ALTO,19
2025,November,ROSP,KHANEWAL MOTORS,SWIFT,3
2025,November,ROSP,MIAN CHANNU MOTORS,ALTO,76
2025,November,ROSP,MIAN CHANNU MOTORS,SWIFT,6
2025,November,ROSP,MULTAN CITY MOTORS,ALTO,17
2025,November,ROSP,MULTAN CITY MOTORS,SWIFT,9
2025,November,ROSP,MUZAFFARGARH MOTORS,ALTO,34
2025,November,ROSP,MUZAFFARGARH MOTORS,SWIFT,13
2025,November,ROSP,PAKPATTAN MOTORS,ALTO,31
2025,November,ROSP,PAKPATTAN MOTORS,SWIFT,4
2025,November,ROSP,PIONEER MOTORS,ALTO,29
2025,November,ROSP,PIONEER MOTORS,SWIFT,7
2025,November,ROSP,RAHIM YAR KHAN MOTORS,ALTO,34
2025,November,ROSP,RAHIM YAR KHAN MOTORS,SWIFT,5
2025,November,ROSP,RAJANPUR MOTORS,ALTO,6
2025,November,ROSP,RAJANPUR MOTORS,SWIFT,6
2025,November,ROSP,SADIQABAD MOTORS,ALTO,22
2025,November,ROSP,SADIQABAD MOTORS,SWIFT,9
2025,November,ROSP,SAHIWAL MOTORS,ALTO,39
2025,November,ROSP,SAHIWAL MOTORS,SWIFT,10
2025,November,ROSP,SHORKOT MOTORS,ALTO,44
2025,November,ROSP,SHORKOT MOTORS,SWIFT,3
2025,November,ROSP,SOUTH PUNJAB,ALTO,25
2025,November,ROSP,SOUTH PUNJAB,SWIFT,31
2025,November,ROSP,UNIQUE MOTORS,ALTO,30
2025,November,ROSP,UNIQUE MOTORS,SWIFT,19
2025,November,ROSP,UNITED MOTORS,ALTO,72
2025,November,ROSP,UNITED MOTORS,SWIFT,8
2025,December,ROSP,BAHAWALNAGAR MOTORS,ALTO,29
2025,December,ROSP,BAHAWALNAGAR MOTORS,SWIFT,9
2025,December,ROSP,BAHAWALPUR MOTORS,ALTO,60
2025,December,ROSP,BAHAWALPUR MOTORS,SWIFT,17
2025,December,ROSP,CHICHAWATNI MOTORS,ALTO,30
2025,December,ROSP,CHICHAWATNI MOTORS,SWIFT,11
2025,December,ROSP,DEPALPUR MOTORS,ALTO,19
2025,December,ROSP,DEPALPUR MOTORS,SWIFT,4
2025,December,ROSP,DERAWAR MOTORS,ALTO,40
2025,December,ROSP,DERAWAR MOTORS,SWIFT,4
2025,December,ROSP,FORT MOTORS,ALTO,21
2025,December,ROSP,FORT MOTORS,SWIFT,10
2025,December,ROSP,HABIB MOTORS,ALTO,42
2025,December,ROSP,HABIB MOTORS,SWIFT,10
2025,December,ROSP,HABIB MOTORS ALIPUR,ALTO,20
2025,December,ROSP,HABIB MOTORS ALIPUR,SWIFT,1
2025,December,ROSP,KHANEWAL MOTORS,ALTO,23
2025,December,ROSP,KHANEWAL MOTORS,SWIFT,5
2025,December,ROSP,MIAN CHANNU MOTORS,ALTO,67
2025,December,ROSP,MIAN CHANNU MOTORS,SWIFT,21
2025,December,ROSP,MULTAN CITY MOTORS,ALTO,15
2025,December,ROSP,MULTAN CITY MOTORS,SWIFT,5
2025,December,ROSP,MUZAFFARGARH MOTORS,ALTO,29
2025,December,ROSP,MUZAFFARGARH MOTORS,SWIFT,9
2025,December,ROSP,PAKPATTAN MOTORS,ALTO,24
2025,December,ROSP,PAKPATTAN MOTORS,SWIFT,4
2025,December,ROSP,PIONEER MOTORS,ALTO,35
2025,December,ROSP,PIONEER MOTORS,SWIFT,7
2025,December,ROSP,RAHIM YAR KHAN MOTORS,ALTO,29
2025,December,ROSP,RAHIM YAR KHAN MOTORS,SWIFT,5
2025,December,ROSP,RAJANPUR MOTORS,ALTO,4
2025,December,ROSP,RAJANPUR MOTORS,SWIFT,2
2025,December,ROSP,SADIQABAD MOTORS,ALTO,24
2025,December,ROSP,SADIQABAD MOTORS,SWIFT,6
2025,December,ROSP,SAHIWAL MOTORS,ALTO,31
2025,December,ROSP,SAHIWAL MOTORS,SWIFT,14
2025,December,ROSP,SHORKOT MOTORS,ALTO,33
2025,December,ROSP,SHORKOT MOTORS,SWIFT,9
2025,December,ROSP,SOUTH PUNJAB,ALTO,36
2025,December,ROSP,SOUTH PUNJAB,SWIFT,22
2025,December,ROSP,UNIQUE MOTORS,ALTO,30
2025,December,ROSP,UNIQUE MOTORS,SWIFT,7
2025,December,ROSP,UNITED MOTORS,ALTO,60
2025,December,ROSP,UNITED MOTORS,SWIFT,3
2024,January,RON,ABBOTABAD MOTORS,ALTO,13
2024,January,RON,ABBOTABAD MOTORS,SWIFT,1
2024,January,RON,AZIM MOTORS,ALTO,4
2024,January,RON,AZIM MOTORS,SWIFT,1
2024,January,RON,BHAKKAR MOTORS,ALTO,20
2024,January,RON,BHAKKAR MOTORS,SWIFT,1
2024,January,RON,CAMPBELLPUR MOTORS,ALTO,6
2024,January,RON,CAMPBELLPUR MOTORS,SWIFT,2
2024,January,RON,CAPITAL MOTORS,ALTO,6
2024,January,RON,CENTRAL MOTORS,ALTO,55
2024,January,RON,CENTRAL MOTORS,SWIFT,11
2024,January,RON,CHARSADDA MOTORS,ALTO,5
2024,January,RON,CHARSADDA MOTORS,SWIFT,1
2024,January,RON,FATEHJANG MOTORS,ALTO,5
2024,January,RON,FEDERAL MOTORS,ALTO,53
2024,January,RON,FEDERAL MOTORS,SWIFT,7
2024,January,RON,FRONTIER MOTORS,ALTO,10
2024,January,RON,FRONTIER MOTORS,SWIFT,3
2024,January,RON,G.T MOTORS,SWIFT,1
2024,January,RON,GUJAR KHAN MOTORS,ALTO,13
2024,January,RON,GUJAR KHAN MOTORS,SWIFT,2
2024,January,RON,HARIPUR MOTORS,ALTO,11
2024,January,RON,HAZARA MOTORS,ALTO,1
2024,January,RON,ISLAMABAD MOTORS,ALTO,64
2024,January,RON,ISLAMABAD MOTORS,SWIFT,16
2024,January,RON,JANI MOTORS,ALTO,22
2024,January,RON,JANI MOTORS,SWIFT,3
2024,January,RON,JHELUM RIVER MOTORS,ALTO,14
2024,January,RON,JHELUM RIVER MOTORS,SWIFT,3
2024,January,RON,KAZMI CORPORATION,ALTO,15
2024,January,RON,KAZMI CORPORATION,SWIFT,2
2024,January,RON,KHUSHAB MOTORS,ALTO,14
2024,January,RON,KHYBER MOTORS,ALTO,26
2024,January,RON,KHYBER MOTORS,SWIFT,2
2024,January,RON,KOHAT MOTORS,ALTO,7
2024,January,RON,KOTLI MOTORS,ALTO,11
2024,January,RON,KOTLI MOTORS,SWIFT,4
2024,January,RON,MANDI BAHAUDDIN MOTORS,ALTO,9
2024,January,RON,MANDI BAHAUDDIN MOTORS,SWIFT,3
2024,January,RON,MANGLA AUTOS,ALTO,12
2024,January,RON,MANGLA AUTOS,SWIFT,2
2024,January,RON,MARDAN MOTORS,ALTO,17
2024,January,RON,MARDAN MOTORS,SWIFT,4
2024,January,RON,MUZAFFARABAD MOTORS,ALTO,18
2024,January,RON,MUZAFFARABAD MOTORS,SWIFT,0
2024,January,RON,NOWSHERA MOTORS,ALTO,11
2024,January,RON,NOWSHERA MOTORS,SWIFT,2
2024,January,RON,PESHAWAR MOTORS,ALTO,17
2024,January,RON,PESHAWAR MOTORS,SWIFT,2
2024,January,RON,RACECOURSE MOTORS,ALTO,72
2024,January,RON,RACECOURSE MOTORS,SWIFT,14
2024,January,RON,RAWAL MOTORS,ALTO,25
2024,January,RON,RAWAL MOTORS,SWIFT,3
2024,January,RON,SARWAR AUTOMOBILES,ALTO,17
2024,January,RON,SARWAR AUTOMOBILES,SWIFT,2
2024,January,RON,SHINWARI MOTORS,ALTO,6
2024,January,RON,SHINWARI MOTORS,SWIFT,2
2024,January,RON,SUZUKI IG MOTORS,ALTO,21
2024,January,RON,SUZUKI IG MOTORS,SWIFT,3
2024,January,RON,SWABI MOTORS,ALTO,5
2024,January,RON,SWAT MOTORS,ALTO,19
2024,January,RON,SWAT MOTORS,SWIFT,4
2024,January,RON,TALAGANG MOTORS,ALTO,2
2024,January,RON,TAXILA MOTORS,ALTO,25
2024,January,RON,TAXILA MOTORS,SWIFT,1
2024,February,RON,ABBOTABAD MOTORS,ALTO,15
2024,February,RON,ABBOTABAD MOTORS,SWIFT,5
2024,February,RON,AZIM MOTORS,ALTO,11
2024,February,RON,AZIM MOTORS,SWIFT,2
2024,February,RON,BHAKKAR MOTORS,ALTO,41
2024,February,RON,CAMPBELLPUR MOTORS,ALTO,12
2024,February,RON,CAMPBELLPUR MOTORS,SWIFT,2
2024,February,RON,CAPITAL MOTORS,ALTO,20
2024,February,RON,CAPITAL MOTORS,SWIFT,3
2024,February,RON,CENTRAL MOTORS,ALTO,88
2024,February,RON,CENTRAL MOTORS,SWIFT,16
2024,February,RON,CHARSADDA MOTORS,ALTO,7
2024,February,RON,CHARSADDA MOTORS,SWIFT,3
2024,February,RON,DADYAL MOTORS,ALTO,9
2024,February,RON,DADYAL MOTORS,SWIFT,1
2024,February,RON,FATEHJANG MOTORS,ALTO,17
2024,February,RON,FATEHJANG MOTORS,SWIFT,5
2024,February,RON,FEDERAL MOTORS,ALTO,37
2024,February,RON,FEDERAL MOTORS,SWIFT,13
2024,February,RON,FRONTIER MOTORS,ALTO,14
2024,February,RON,FRONTIER MOTORS,SWIFT,1
2024,February,RON,G.T MOTORS,ALTO,1
2024,February,RON,GUJAR KHAN MOTORS,ALTO,16
2024,February,RON,GUJAR KHAN MOTORS,SWIFT,5
2024,February,RON,HARIPUR MOTORS,ALTO,25
2024,February,RON,HARIPUR MOTORS,SWIFT,2
2024,February,RON,ISLAMABAD MOTORS,ALTO,81
2024,February,RON,ISLAMABAD MOTORS,SWIFT,20
2024,February,RON,JANI MOTORS,ALTO,31
2024,February,RON,JANI MOTORS,SWIFT,1
2024,February,RON,JHELUM RIVER MOTORS,ALTO,11
2024,February,RON,JHELUM RIVER MOTORS,SWIFT,1
2024,February,RON,KAZMI CORPORATION,ALTO,13
2024,February,RON,KHUSHAB MOTORS,ALTO,23
2024,February,RON,KHUSHAB MOTORS,SWIFT,2
2024,February,RON,KHYBER MOTORS,ALTO,22
2024,February,RON,KHYBER MOTORS,SWIFT,6
2024,February,RON,KOHAT MOTORS,ALTO,10
2024,February,RON,KOHAT MOTORS,SWIFT,1
2024,February,RON,KOTLI MOTORS,ALTO,18
2024,February,RON,KOTLI MOTORS,SWIFT,2
2024,February,RON,MANDI BAHAUDDIN MOTORS,ALTO,18
2024,February,RON,MANDI BAHAUDDIN MOTORS,SWIFT,1
2024,February,RON,MANGLA AUTOS,ALTO,10
2024,February,RON,MANGLA AUTOS,SWIFT,1
2024,February,RON,MARDAN MOTORS,ALTO,17
2024,February,RON,MUZAFFARABAD MOTORS,ALTO,19
2024,February,RON,MUZAFFARABAD MOTORS,SWIFT,2
2024,February,RON,NOWSHERA MOTORS,ALTO,15
2024,February,RON,NOWSHERA MOTORS,SWIFT,2
2024,February,RON,PESHAWAR MOTORS,ALTO,6
2024,February,RON,PESHAWAR MOTORS,SWIFT,3
2024,February,RON,RACECOURSE MOTORS,ALTO,63
2024,February,RON,RACECOURSE MOTORS,SWIFT,16
2024,February,RON,RAWAL MOTORS,ALTO,36
2024,February,RON,RAWAL MOTORS,SWIFT,4
2024,February,RON,SARWAR AUTOMOBILES,ALTO,18
2024,February,RON,SARWAR AUTOMOBILES,SWIFT,2
2024,February,RON,SHINWARI MOTORS,ALTO,13
2024,February,RON,SHINWARI MOTORS,SWIFT,4
2024,February,RON,SUZUKI IG MOTORS,ALTO,25
2024,February,RON,SUZUKI IG MOTORS,SWIFT,4
2024,February,RON,SWABI MOTORS,ALTO,3
2024,February,RON,SWABI MOTORS,SWIFT,1
2024,February,RON,SWAT MOTORS,ALTO,25
2024,February,RON,TALAGANG MOTORS,ALTO,7
2024,February,RON,TALAGANG MOTORS,SWIFT,1
2024,February,RON,TAXILA MOTORS,ALTO,23
2024,February,RON,TAXILA MOTORS,SWIFT,4
2024,March,RON,ABBOTABAD MOTORS,ALTO,12
2024,March,RON,AZIM MOTORS,ALTO,13
2024,March,RON,AZIM MOTORS,SWIFT,1
2024,March,RON,BHAKKAR MOTORS,ALTO,19
2024,March,RON,CAMPBELLPUR MOTORS,ALTO,8
2024,March,RON,CAMPBELLPUR MOTORS,SWIFT,1
2024,March,RON,CAPITAL MOTORS,ALTO,13
2024,March,RON,CENTRAL MOTORS,ALTO,57
2024,March,RON,CENTRAL MOTORS,SWIFT,4
2024,March,RON,CHARSADDA MOTORS,ALTO,5
2024,March,RON,CHARSADDA MOTORS,SWIFT,1
2024,March,RON,DADYAL MOTORS,ALTO,5
2024,March,RON,FATEHJANG MOTORS,ALTO,15
2024,March,RON,FEDERAL MOTORS,ALTO,38
2024,March,RON,FRONTIER MOTORS,ALTO,14
2024,March,RON,FRONTIER MOTORS,SWIFT,1
2024,March,RON,G.T MOTORS,ALTO,1
2024,March,RON,GUJAR KHAN MOTORS,ALTO,9
2024,March,RON,GUJAR KHAN MOTORS,SWIFT,1
2024,March,RON,HARIPUR MOTORS,ALTO,16
2024,March,RON,HAZARA MOTORS,ALTO,1
2024,March,RON,HAZARA MOTORS,SWIFT,1
2024,March,RON,ISLAMABAD MOTORS,ALTO,58
2024,March,RON,ISLAMABAD MOTORS,SWIFT,4
2024,March,RON,JANI MOTORS,ALTO,14
2024,March,RON,JHELUM RIVER MOTORS,ALTO,7
2024,March,RON,KAZMI CORPORATION,ALTO,15
2024,March,RON,KHUSHAB MOTORS,ALTO,14
2024,March,RON,KHYBER MOTORS,ALTO,15
2024,March,RON,KOHAT MOTORS,ALTO,9
2024,March,RON,KOTLI MOTORS,ALTO,6
2024,March,RON,MANDI BAHAUDDIN MOTORS,ALTO,10
2024,March,RON,MANGLA AUTOS,ALTO,10
2024,March,RON,MARDAN MOTORS,ALTO,11
2024,March,RON,MUZAFFARABAD MOTORS,ALTO,14
2024,March,RON,MUZAFFARABAD MOTORS,SWIFT,1
2024,March,RON,NOWSHERA MOTORS,ALTO,18
2024,March,RON,PESHAWAR MOTORS,ALTO,16
2024,March,RON,PESHAWAR MOTORS,SWIFT,1
2024,March,RON,RACECOURSE MOTORS,ALTO,81
2024,March,RON,RACECOURSE MOTORS,SWIFT,7
2024,March,RON,RAWAL MOTORS,ALTO,18
2024,March,RON,SARWAR AUTOMOBILES,ALTO,17
2024,March,RON,SHINWARI MOTORS,ALTO,21
2024,March,RON,SUZUKI IG MOTORS,ALTO,15
2024,March,RON,SUZUKI IG MOTORS,SWIFT,1
2024,March,RON,SWABI MOTORS,ALTO,9
2024,March,RON,SWAT MOTORS,ALTO,10
2024,March,RON,SWAT MOTORS,SWIFT,1
2024,March,RON,TALAGANG MOTORS,ALTO,4
2024,March,RON,TAXILA MOTORS,ALTO,14
2024,April,RON,ABBOTABAD MOTORS,ALTO,16
2024,April,RON,ABBOTABAD MOTORS,SWIFT,1
2024,April,RON,AZIM MOTORS,ALTO,29
2024,April,RON,AZIM MOTORS,SWIFT,1
2024,April,RON,BHAKKAR MOTORS,ALTO,39
2024,April,RON,BHAKKAR MOTORS,SWIFT,1
2024,April,RON,CAMPBELLPUR MOTORS,ALTO,21
2024,April,RON,CAPITAL MOTORS,ALTO,23
2024,April,RON,CENTRAL MOTORS,ALTO,91
2024,April,RON,CHARSADDA MOTORS,ALTO,12
2024,April,RON,DADYAL MOTORS,ALTO,9
2024,April,RON,FATEHJANG MOTORS,ALTO,39
2024,April,RON,FEDERAL MOTORS,ALTO,68
2024,April,RON,FEDERAL MOTORS,SWIFT,4
2024,April,RON,FRONTIER MOTORS,ALTO,20
2024,April,RON,FRONTIER MOTORS,SWIFT,1
2024,April,RON,G.T MOTORS,ALTO,9
2024,April,RON,G.T MOTORS,SWIFT,1
2024,April,RON,GUJAR KHAN MOTORS,ALTO,30
2024,April,RON,HARIPUR MOTORS,ALTO,19
2024,April,RON,HAZARA MOTORS,ALTO,3
2024,April,RON,ISLAMABAD MOTORS,ALTO,83
2024,April,RON,ISLAMABAD MOTORS,SWIFT,9
2024,April,RON,JANI MOTORS,ALTO,19
2024,April,RON,JANI MOTORS,SWIFT,1
2024,April,RON,JHELUM RIVER MOTORS,ALTO,27
2024,April,RON,KAZMI CORPORATION,ALTO,29
2024,April,RON,KHUSHAB MOTORS,ALTO,13
2024,April,RON,KHUSHAB MOTORS,SWIFT,3
2024,April,RON,KHYBER MOTORS,ALTO,41
2024,April,RON,KHYBER MOTORS,SWIFT,1
2024,April,RON,KOHAT MOTORS,ALTO,10
2024,April,RON,KOTLI MOTORS,ALTO,23
2024,April,RON,KOTLI MOTORS,SWIFT,1
2024,April,RON,MANDI BAHAUDDIN MOTORS,ALTO,22
2024,April,RON,MANGLA AUTOS,ALTO,17
2024,April,RON,MARDAN MOTORS,ALTO,26
2024,April,RON,MARDAN MOTORS,SWIFT,1
2024,April,RON,MUZAFFARABAD MOTORS,ALTO,24
2024,April,RON,NOWSHERA MOTORS,ALTO,27
2024,April,RON,PESHAWAR MOTORS,ALTO,18
2024,April,RON,PESHAWAR MOTORS,SWIFT,0
2024,April,RON,RACECOURSE MOTORS,ALTO,112
2024,April,RON,RACECOURSE MOTORS,SWIFT,13
2024,April,RON,RAWAL MOTORS,ALTO,36
2024,April,RON,RAWAL MOTORS,SWIFT,1
2024,April,RON,SARWAR AUTOMOBILES,ALTO,23
2024,April,RON,SHINWARI MOTORS,ALTO,15
2024,April,RON,SUZUKI IG MOTORS,ALTO,35
2024,April,RON,SUZUKI IG MOTORS,SWIFT,1
2024,April,RON,SWABI MOTORS,ALTO,12
2024,April,RON,SWAT MOTORS,ALTO,21
2024,April,RON,SWAT MOTORS,SWIFT,2
2024,April,RON,TALAGANG MOTORS,ALTO,15
2024,April,RON,TAXILA MOTORS,ALTO,33
2024,May,RON,ABBOTABAD MOTORS,ALTO,10
2024,May,RON,ABBOTABAD MOTORS,SWIFT,1
2024,May,RON,AZIM MOTORS,ALTO,10
2024,May,RON,AZIM MOTORS,SWIFT,2
2024,May,RON,BHAKKAR MOTORS,ALTO,26
2024,May,RON,BHAKKAR MOTORS,SWIFT,4
2024,May,RON,CAMPBELLPUR MOTORS,ALTO,27
2024,May,RON,CAMPBELLPUR MOTORS,SWIFT,3
2024,May,RON,CAPITAL MOTORS,ALTO,19
2024,May,RON,CAPITAL MOTORS,SWIFT,2
2024,May,RON,CENTRAL MOTORS,ALTO,63
2024,May,RON,CENTRAL MOTORS,SWIFT,10
2024,May,RON,CHARSADDA MOTORS,ALTO,11
2024,May,RON,CHARSADDA MOTORS,SWIFT,1
2024,May,RON,DADYAL MOTORS,ALTO,9
2024,May,RON,DADYAL MOTORS,SWIFT,2
2024,May,RON,FATEHJANG MOTORS,ALTO,21
2024,May,RON,FATEHJANG MOTORS,SWIFT,5
2024,May,RON,FEDERAL MOTORS,ALTO,61
2024,May,RON,FEDERAL MOTORS,SWIFT,14
2024,May,RON,FRONTIER MOTORS,ALTO,21
2024,May,RON,FRONTIER MOTORS,SWIFT,1
2024,May,RON,G.T MOTORS,ALTO,18
2024,May,RON,G.T MOTORS,SWIFT,3
2024,May,RON,GUJAR KHAN MOTORS,ALTO,24
2024,May,RON,GUJAR KHAN MOTORS,SWIFT,5
2024,May,RON,HARIPUR MOTORS,ALTO,17
2024,May,RON,HARIPUR MOTORS,SWIFT,1
2024,May,RON,HAZARA MOTORS,ALTO,5
2024,May,RON,HAZARA MOTORS,SWIFT,2
2024,May,RON,ISLAMABAD MOTORS,ALTO,85
2024,May,RON,ISLAMABAD MOTORS,SWIFT,10
2024,May,RON,JANI MOTORS,ALTO,21
2024,May,RON,JANI MOTORS,SWIFT,2
2024,May,RON,JHELUM RIVER MOTORS,ALTO,20
2024,May,RON,JHELUM RIVER MOTORS,SWIFT,1
2024,May,RON,KAZMI CORPORATION,ALTO,26
2024,May,RON,KAZMI CORPORATION,SWIFT,3
2024,May,RON,KHUSHAB MOTORS,ALTO,26
2024,May,RON,KHUSHAB MOTORS,SWIFT,4
2024,May,RON,KHYBER MOTORS,ALTO,25
2024,May,RON,KHYBER MOTORS,SWIFT,4
2024,May,RON,KOHAT MOTORS,ALTO,17
2024,May,RON,KOHAT MOTORS,SWIFT,3
2024,May,RON,KOTLI MOTORS,ALTO,16
2024,May,RON,KOTLI MOTORS,SWIFT,3
2024,May,RON,MANDI BAHAUDDIN MOTORS,ALTO,26
2024,May,RON,MANDI BAHAUDDIN MOTORS,SWIFT,3
2024,May,RON,MANGLA AUTOS,ALTO,18
2024,May,RON,MANGLA AUTOS,SWIFT,3
2024,May,RON,MARDAN MOTORS,ALTO,28
2024,May,RON,MARDAN MOTORS,SWIFT,4
2024,May,RON,MUZAFFARABAD MOTORS,ALTO,19
2024,May,RON,MUZAFFARABAD MOTORS,SWIFT,3
2024,May,RON,NOWSHERA MOTORS,ALTO,13
2024,May,RON,NOWSHERA MOTORS,SWIFT,1
2024,May,RON,PESHAWAR MOTORS,ALTO,13
2024,May,RON,PESHAWAR MOTORS,SWIFT,2
2024,May,RON,RACECOURSE MOTORS,ALTO,112
2024,May,RON,RACECOURSE MOTORS,SWIFT,14
2024,May,RON,RAWAL MOTORS,ALTO,37
2024,May,RON,RAWAL MOTORS,SWIFT,2
2024,May,RON,SARWAR AUTOMOBILES,ALTO,22
2024,May,RON,SARWAR AUTOMOBILES,SWIFT,3
2024,May,RON,SHINWARI MOTORS,ALTO,19
2024,May,RON,SHINWARI MOTORS,SWIFT,2
2024,May,RON,SUZUKI IG MOTORS,ALTO,29
2024,May,RON,SUZUKI IG MOTORS,SWIFT,3
2024,May,RON,SWABI MOTORS,ALTO,9
2024,May,RON,SWAT MOTORS,ALTO,21
2024,May,RON,SWAT MOTORS,SWIFT,1
2024,May,RON,TALAGANG MOTORS,ALTO,7
2024,May,RON,TAXILA MOTORS,ALTO,35
2024,May,RON,TAXILA MOTORS,SWIFT,7
2024,June,RON,ABBOTABAD MOTORS,ALTO,8
2024,June,RON,AZIM MOTORS,ALTO,12
2024,June,RON,AZIM MOTORS,SWIFT,1
2024,June,RON,BHAKKAR MOTORS,ALTO,33
2024,June,RON,BHAKKAR MOTORS,SWIFT,2
2024,June,RON,CAMPBELLPUR MOTORS,ALTO,20
2024,June,RON,CAMPBELLPUR MOTORS,SWIFT,1
2024,June,RON,CAPITAL MOTORS,ALTO,27
2024,June,RON,CAPITAL MOTORS,SWIFT,3
2024,June,RON,CENTRAL MOTORS,ALTO,75
2024,June,RON,CENTRAL MOTORS,SWIFT,19
2024,June,RON,CHARSADDA MOTORS,ALTO,10
2024,June,RON,CHARSADDA MOTORS,SWIFT,2
2024,June,RON,DADYAL MOTORS,ALTO,9
2024,June,RON,FATEHJANG MOTORS,ALTO,26
2024,June,RON,FATEHJANG MOTORS,SWIFT,1
2024,June,RON,FEDERAL MOTORS,ALTO,72
2024,June,RON,FEDERAL MOTORS,SWIFT,5
2024,June,RON,FRONTIER MOTORS,ALTO,12
2024,June,RON,FRONTIER MOTORS,SWIFT,1
2024,June,RON,G.T MOTORS,ALTO,25
2024,June,RON,G.T MOTORS,SWIFT,4
2024,June,RON,GUJAR KHAN MOTORS,ALTO,20
2024,June,RON,GUJAR KHAN MOTORS,SWIFT,2
2024,June,RON,HARIPUR MOTORS,ALTO,12
2024,June,RON,HARIPUR MOTORS,SWIFT,3
2024,June,RON,HAZARA MOTORS,ALTO,16
2024,June,RON,HAZARA MOTORS,SWIFT,10
2024,June,RON,ISLAMABAD MOTORS,ALTO,94
2024,June,RON,ISLAMABAD MOTORS,SWIFT,18
2024,June,RON,JANI MOTORS,ALTO,21
2024,June,RON,JANI MOTORS,SWIFT,4
2024,June,RON,JHELUM RIVER MOTORS,ALTO,20
2024,June,RON,JHELUM RIVER MOTORS,SWIFT,2
2024,June,RON,KAZMI CORPORATION,ALTO,31
2024,June,RON,KAZMI CORPORATION,SWIFT,1
2024,June,RON,KHUSHAB MOTORS,ALTO,13
2024,June,RON,KHUSHAB MOTORS,SWIFT,1
2024,June,RON,KHYBER MOTORS,ALTO,31
2024,June,RON,KOHAT MOTORS,ALTO,11
2024,June,RON,KOHAT MOTORS,SWIFT,1
2024,June,RON,KOTLI MOTORS,ALTO,16
2024,June,RON,KOTLI MOTORS,SWIFT,3
2024,June,RON,MANDI BAHAUDDIN MOTORS,ALTO,20
2024,June,RON,MANDI BAHAUDDIN MOTORS,SWIFT,2
2024,June,RON,MANGLA AUTOS,ALTO,15
2024,June,RON,MARDAN MOTORS,ALTO,28
2024,June,RON,MARDAN MOTORS,SWIFT,2
2024,June,RON,MUZAFFARABAD MOTORS,ALTO,22
2024,June,RON,MUZAFFARABAD MOTORS,SWIFT,3
2024,June,RON,NOWSHERA MOTORS,ALTO,15
2024,June,RON,NOWSHERA MOTORS,SWIFT,1
2024,June,RON,PESHAWAR MOTORS,ALTO,13
2024,June,RON,PESHAWAR MOTORS,SWIFT,1
2024,June,RON,RACECOURSE MOTORS,ALTO,113
2024,June,RON,RACECOURSE MOTORS,SWIFT,24
2024,June,RON,RAWAL MOTORS,ALTO,36
2024,June,RON,RAWAL MOTORS,SWIFT,5
2024,June,RON,SARWAR AUTOMOBILES,ALTO,23
2024,June,RON,SARWAR AUTOMOBILES,SWIFT,2
2024,June,RON,SHINWARI MOTORS,ALTO,16
2024,June,RON,SHINWARI MOTORS,SWIFT,3
2024,June,RON,SUZUKI IG MOTORS,ALTO,39
2024,June,RON,SUZUKI IG MOTORS,SWIFT,5
2024,June,RON,SWABI MOTORS,ALTO,6
2024,June,RON,SWABI MOTORS,SWIFT,2
2024,June,RON,SWAT MOTORS,ALTO,18
2024,June,RON,SWAT MOTORS,SWIFT,2
2024,June,RON,TALAGANG MOTORS,ALTO,8
2024,June,RON,TAXILA MOTORS,ALTO,32
2024,June,RON,TAXILA MOTORS,SWIFT,6
2024,July,RON,ABBOTABAD MOTORS,ALTO,8
2024,July,RON,AZIM MOTORS,ALTO,11
2024,July,RON,AZIM MOTORS,SWIFT,3
2024,July,RON,BHAKKAR MOTORS,ALTO,27
2024,July,RON,BHAKKAR MOTORS,SWIFT,1
2024,July,RON,CAMPBELLPUR MOTORS,ALTO,13
2024,July,RON,CAPITAL MOTORS,ALTO,21
2024,July,RON,CAPITAL MOTORS,SWIFT,2
2024,July,RON,CENTRAL MOTORS,ALTO,42
2024,July,RON,CENTRAL MOTORS,SWIFT,9
2024,July,RON,CHARSADDA MOTORS,ALTO,7
2024,July,RON,DADYAL MOTORS,ALTO,4
2024,July,RON,FATEHJANG MOTORS,ALTO,25
2024,July,RON,FATEHJANG MOTORS,SWIFT,2
2024,July,RON,FEDERAL MOTORS,ALTO,45
2024,July,RON,FEDERAL MOTORS,SWIFT,8
2024,July,RON,FRONTIER MOTORS,ALTO,12
2024,July,RON,G.T MOTORS,ALTO,20
2024,July,RON,GUJAR KHAN MOTORS,ALTO,22
2024,July,RON,GUJAR KHAN MOTORS,SWIFT,4
2024,July,RON,HARIPUR MOTORS,ALTO,12
2024,July,RON,HARIPUR MOTORS,SWIFT,1
2024,July,RON,HAZARA MOTORS,ALTO,4
2024,July,RON,HAZARA MOTORS,SWIFT,3
2024,July,RON,ISLAMABAD MOTORS,ALTO,48
2024,July,RON,ISLAMABAD MOTORS,SWIFT,6
2024,July,RON,JANI MOTORS,ALTO,16
2024,July,RON,JHELUM RIVER MOTORS,ALTO,10
2024,July,RON,JHELUM RIVER MOTORS,SWIFT,2
2024,July,RON,KAZMI CORPORATION,ALTO,16
2024,July,RON,KAZMI CORPORATION,SWIFT,1
2024,July,RON,KHUSHAB MOTORS,ALTO,13
2024,July,RON,KHYBER MOTORS,ALTO,27
2024,July,RON,KHYBER MOTORS,SWIFT,1
2024,July,RON,KOHAT MOTORS,ALTO,10
2024,July,RON,KOHAT MOTORS,SWIFT,1
2024,July,RON,KOTLI MOTORS,ALTO,13
2024,July,RON,KOTLI MOTORS,SWIFT,1
2024,July,RON,MANDI BAHAUDDIN MOTORS,ALTO,14
2024,July,RON,MANDI BAHAUDDIN MOTORS,SWIFT,1
2024,July,RON,MANGLA AUTOS,ALTO,10
2024,July,RON,MANGLA AUTOS,SWIFT,1
2024,July,RON,MARDAN MOTORS,ALTO,15
2024,July,RON,MARDAN MOTORS,SWIFT,2
2024,July,RON,MUZAFFARABAD MOTORS,ALTO,17
2024,July,RON,MUZAFFARABAD MOTORS,SWIFT,6
2024,July,RON,NOWSHERA MOTORS,ALTO,9
2024,July,RON,PESHAWAR MOTORS,ALTO,15
2024,July,RON,RACECOURSE MOTORS,ALTO,50
2024,July,RON,RACECOURSE MOTORS,SWIFT,17
2024,July,RON,RAWAL MOTORS,ALTO,19
2024,July,RON,RAWAL MOTORS,SWIFT,6
2024,July,RON,SARWAR AUTOMOBILES,ALTO,9
2024,July,RON,SHINWARI MOTORS,ALTO,5
2024,July,RON,SHINWARI MOTORS,SWIFT,3
2024,July,RON,SUZUKI IG MOTORS,ALTO,23
2024,July,RON,SUZUKI IG MOTORS,SWIFT,2
2024,July,RON,SWABI MOTORS,ALTO,5
2024,July,RON,SWAT MOTORS,ALTO,7
2024,July,RON,SWAT MOTORS,SWIFT,1
2024,July,RON,TALAGANG MOTORS,ALTO,8
2024,July,RON,TAXILA MOTORS,ALTO,26
2024,July,RON,TAXILA MOTORS,SWIFT,1
2024,August,RON,ABBOTABAD MOTORS,ALTO,6
2024,August,RON,ABBOTABAD MOTORS,SWIFT,2
2024,August,RON,AZIM MOTORS,ALTO,8
2024,August,RON,AZIM MOTORS,SWIFT,3
2024,August,RON,BHAKKAR MOTORS,ALTO,8
2024,August,RON,BHAKKAR MOTORS,SWIFT,4
2024,August,RON,CAMPBELLPUR MOTORS,ALTO,5
2024,August,RON,CAMPBELLPUR MOTORS,SWIFT,3
2024,August,RON,CAPITAL MOTORS,ALTO,8
2024,August,RON,CENTRAL MOTORS,ALTO,23
2024,August,RON,CENTRAL MOTORS,SWIFT,7
2024,August,RON,CHARSADDA MOTORS,ALTO,3
2024,August,RON,CHARSADDA MOTORS,SWIFT,1
2024,August,RON,DADYAL MOTORS,ALTO,7
2024,August,RON,DADYAL MOTORS,SWIFT,1
2024,August,RON,FATEHJANG MOTORS,ALTO,15
2024,August,RON,FEDERAL MOTORS,ALTO,25
2024,August,RON,FEDERAL MOTORS,SWIFT,6
2024,August,RON,FRONTIER MOTORS,ALTO,3
2024,August,RON,FRONTIER MOTORS,SWIFT,2
2024,August,RON,G.T MOTORS,ALTO,20
2024,August,RON,G.T MOTORS,SWIFT,3
2024,August,RON,GUJAR KHAN MOTORS,ALTO,9
2024,August,RON,GUJAR KHAN MOTORS,SWIFT,3
2024,August,RON,HARIPUR MOTORS,ALTO,3
2024,August,RON,HAZARA MOTORS,ALTO,8
2024,August,RON,HAZARA MOTORS,SWIFT,8
2024,August,RON,ISLAMABAD MOTORS,ALTO,33
2024,August,RON,ISLAMABAD MOTORS,SWIFT,14
2024,August,RON,JANI MOTORS,ALTO,9
2024,August,RON,JANI MOTORS,SWIFT,2
2024,August,RON,JHELUM RIVER MOTORS,ALTO,16
2024,August,RON,JHELUM RIVER MOTORS,SWIFT,1
2024,August,RON,KAZMI CORPORATION,ALTO,8
2024,August,RON,KAZMI CORPORATION,SWIFT,2
2024,August,RON,KHUSHAB MOTORS,ALTO,4
2024,August,RON,KHUSHAB MOTORS,SWIFT,2
2024,August,RON,KHYBER MOTORS,ALTO,7
2024,August,RON,KHYBER MOTORS,SWIFT,1
2024,August,RON,KOHAT MOTORS,ALTO,10
2024,August,RON,KOTLI MOTORS,ALTO,8
2024,August,RON,KOTLI MOTORS,SWIFT,2
2024,August,RON,MANDI BAHAUDDIN MOTORS,ALTO,7
2024,August,RON,MANDI BAHAUDDIN MOTORS,SWIFT,2
2024,August,RON,MANGLA AUTOS,ALTO,9
2024,August,RON,MARDAN MOTORS,ALTO,13
2024,August,RON,MARDAN MOTORS,SWIFT,1
2024,August,RON,MUZAFFARABAD MOTORS,ALTO,13
2024,August,RON,MUZAFFARABAD MOTORS,SWIFT,3
2024,August,RON,NOWSHERA MOTORS,ALTO,2
2024,August,RON,NOWSHERA MOTORS,SWIFT,1
2024,August,RON,PESHAWAR MOTORS,ALTO,3
2024,August,RON,PESHAWAR MOTORS,SWIFT,1
2024,August,RON,RACECOURSE MOTORS,ALTO,24
2024,August,RON,RACECOURSE MOTORS,SWIFT,15
2024,August,RON,RAWAL MOTORS,ALTO,17
2024,August,RON,RAWAL MOTORS,SWIFT,5
2024,August,RON,SARWAR AUTOMOBILES,ALTO,7
2024,August,RON,SARWAR AUTOMOBILES,SWIFT,2
2024,August,RON,SHINWARI MOTORS,ALTO,11
2024,August,RON,SHINWARI MOTORS,SWIFT,12
2024,August,RON,SUZUKI IG MOTORS,ALTO,20
2024,August,RON,SUZUKI IG MOTORS,SWIFT,9
2024,August,RON,SWABI MOTORS,ALTO,2
2024,August,RON,SWABI MOTORS,SWIFT,1
2024,August,RON,SWAT MOTORS,ALTO,11
2024,August,RON,SWAT MOTORS,SWIFT,1
2024,August,RON,TALAGANG MOTORS,ALTO,5
2024,August,RON,TAXILA MOTORS,ALTO,8
2024,August,RON,TAXILA MOTORS,SWIFT,8
2024,September,RON,ABBOTABAD MOTORS,ALTO,11
2024,September,RON,AZIM MOTORS,ALTO,18
2024,September,RON,AZIM MOTORS,SWIFT,3
2024,September,RON,BHAKKAR MOTORS,ALTO,22
2024,September,RON,BHAKKAR MOTORS,SWIFT,2
2024,September,RON,CAMPBELLPUR MOTORS,ALTO,12
2024,September,RON,CAMPBELLPUR MOTORS,SWIFT,2
2024,September,RON,CAPITAL MOTORS,ALTO,17
2024,September,RON,CAPITAL MOTORS,SWIFT,1
2024,September,RON,CENTRAL MOTORS,ALTO,46
2024,September,RON,CENTRAL MOTORS,SWIFT,10
2024,September,RON,CHARSADDA MOTORS,ALTO,10
2024,September,RON,DADYAL MOTORS,ALTO,5
2024,September,RON,FATEHJANG MOTORS,ALTO,18
2024,September,RON,FATEHJANG MOTORS,SWIFT,2
2024,September,RON,FEDERAL MOTORS,ALTO,45
2024,September,RON,FEDERAL MOTORS,SWIFT,11
2024,September,RON,FRONTIER MOTORS,ALTO,11
2024,September,RON,FRONTIER MOTORS,SWIFT,2
2024,September,RON,G.T MOTORS,ALTO,7
2024,September,RON,G.T MOTORS,SWIFT,1
2024,September,RON,GUJAR KHAN MOTORS,ALTO,22
2024,September,RON,GUJAR KHAN MOTORS,SWIFT,3
2024,September,RON,HARIPUR MOTORS,ALTO,11
2024,September,RON,HARIPUR MOTORS,SWIFT,1
2024,September,RON,HAZARA MOTORS,ALTO,16
2024,September,RON,HAZARA MOTORS,SWIFT,3
2024,September,RON,ISLAMABAD MOTORS,ALTO,46
2024,September,RON,ISLAMABAD MOTORS,SWIFT,8
2024,September,RON,JANI MOTORS,ALTO,16
2024,September,RON,JANI MOTORS,SWIFT,4
2024,September,RON,JHELUM RIVER MOTORS,ALTO,21
2024,September,RON,KAZMI CORPORATION,ALTO,19
2024,September,RON,KHUSHAB MOTORS,ALTO,7
2024,September,RON,KHYBER MOTORS,ALTO,16
2024,September,RON,KHYBER MOTORS,SWIFT,2
2024,September,RON,KOHAT MOTORS,ALTO,7
2024,September,RON,KOHAT MOTORS,SWIFT,5
2024,September,RON,KOTLI MOTORS,ALTO,13
2024,September,RON,KOTLI MOTORS,SWIFT,3
2024,September,RON,MANDI BAHAUDDIN MOTORS,ALTO,16
2024,September,RON,MANDI BAHAUDDIN MOTORS,SWIFT,1
2024,September,RON,MANGLA AUTOS,ALTO,12
2024,September,RON,MANGLA AUTOS,SWIFT,2
2024,September,RON,MARDAN MOTORS,ALTO,25
2024,September,RON,MARDAN MOTORS,SWIFT,2
2024,September,RON,MUZAFFARABAD MOTORS,ALTO,11
2024,September,RON,MUZAFFARABAD MOTORS,SWIFT,8
2024,September,RON,NOWSHERA MOTORS,ALTO,13
2024,September,RON,NOWSHERA MOTORS,SWIFT,2
2024,September,RON,PESHAWAR MOTORS,ALTO,14
2024,September,RON,PESHAWAR MOTORS,SWIFT,1
2024,September,RON,RACECOURSE MOTORS,ALTO,51
2024,September,RON,RACECOURSE MOTORS,SWIFT,14
2024,September,RON,RAWAL MOTORS,ALTO,38
2024,September,RON,RAWAL MOTORS,SWIFT,5
2024,September,RON,SARWAR AUTOMOBILES,ALTO,15
2024,September,RON,SARWAR AUTOMOBILES,SWIFT,1
2024,September,RON,SHINWARI MOTORS,ALTO,17
2024,September,RON,SHINWARI MOTORS,SWIFT,2
2024,September,RON,SUZUKI IG MOTORS,ALTO,20
2024,September,RON,SUZUKI IG MOTORS,SWIFT,6
2024,September,RON,SWABI MOTORS,ALTO,4
2024,September,RON,SWAT MOTORS,ALTO,10
2024,September,RON,SWAT MOTORS,SWIFT,2
2024,September,RON,TALAGANG MOTORS,ALTO,2
2024,September,RON,TALAGANG MOTORS,SWIFT,1
2024,September,RON,TAXILA MOTORS,ALTO,28
2024,September,RON,TAXILA MOTORS,SWIFT,1
2024,October,RON,ABBOTABAD MOTORS,ALTO,10
2024,October,RON,ABBOTABAD MOTORS,SWIFT,1
2024,October,RON,AZIM MOTORS,ALTO,22
2024,October,RON,AZIM MOTORS,SWIFT,2
2024,October,RON,BHAKKAR MOTORS,ALTO,45
2024,October,RON,BHAKKAR MOTORS,SWIFT,1
2024,October,RON,CAMPBELLPUR MOTORS,ALTO,21
2024,October,RON,CAPITAL MOTORS,ALTO,26
2024,October,RON,CENTRAL MOTORS,ALTO,55
2024,October,RON,CENTRAL MOTORS,SWIFT,2
2024,October,RON,CHARSADDA MOTORS,ALTO,12
2024,October,RON,CHARSADDA MOTORS,SWIFT,1
2024,October,RON,DADYAL MOTORS,ALTO,5
2024,October,RON,DADYAL MOTORS,SWIFT,1
2024,October,RON,FATEHJANG MOTORS,ALTO,15
2024,October,RON,FATEHJANG MOTORS,SWIFT,1
2024,October,RON,FEDERAL MOTORS,ALTO,80
2024,October,RON,FEDERAL MOTORS,SWIFT,3
2024,October,RON,FRONTIER MOTORS,ALTO,7
2024,October,RON,G.T MOTORS,ALTO,28
2024,October,RON,G.T MOTORS,SWIFT,1
2024,October,RON,GUJAR KHAN MOTORS,ALTO,49
2024,October,RON,GUJAR KHAN MOTORS,SWIFT,3
2024,October,RON,HARIPUR MOTORS,ALTO,6
2024,October,RON,HARIPUR MOTORS,SWIFT,1
2024,October,RON,HAZARA MOTORS,ALTO,9
2024,October,RON,HAZARA MOTORS,SWIFT,4
2024,October,RON,ISLAMABAD MOTORS,ALTO,72
2024,October,RON,ISLAMABAD MOTORS,SWIFT,5
2024,October,RON,JANI MOTORS,ALTO,15
2024,October,RON,JHELUM RIVER MOTORS,ALTO,21
2024,October,RON,JHELUM RIVER MOTORS,SWIFT,3
2024,October,RON,KAZMI CORPORATION,ALTO,28
2024,October,RON,KAZMI CORPORATION,SWIFT,1
2024,October,RON,KHUSHAB MOTORS,ALTO,20
2024,October,RON,KHUSHAB MOTORS,SWIFT,1
2024,October,RON,KHYBER MOTORS,ALTO,18
2024,October,RON,KHYBER MOTORS,SWIFT,1
2024,October,RON,KOHAT MOTORS,ALTO,19
2024,October,RON,KOHAT MOTORS,SWIFT,2
2024,October,RON,KOTLI MOTORS,ALTO,17
2024,October,RON,MANDI BAHAUDDIN MOTORS,ALTO,22
2024,October,RON,MANGLA AUTOS,ALTO,16
2024,October,RON,MANGLA AUTOS,SWIFT,1
2024,October,RON,MARDAN MOTORS,ALTO,23
2024,October,RON,MARDAN MOTORS,SWIFT,1
2024,October,RON,MUZAFFARABAD MOTORS,ALTO,19
2024,October,RON,MUZAFFARABAD MOTORS,SWIFT,4
2024,October,RON,NOWSHERA MOTORS,ALTO,18
2024,October,RON,NOWSHERA MOTORS,SWIFT,1
2024,October,RON,PESHAWAR MOTORS,ALTO,13
2024,October,RON,RACECOURSE MOTORS,ALTO,78
2024,October,RON,RACECOURSE MOTORS,SWIFT,3
2024,October,RON,RAWAL MOTORS,ALTO,66
2024,October,RON,RAWAL MOTORS,SWIFT,1
2024,October,RON,SARWAR AUTOMOBILES,ALTO,22
2024,October,RON,SARWAR AUTOMOBILES,SWIFT,0
2024,October,RON,SHINWARI MOTORS,ALTO,18
2024,October,RON,SHINWARI MOTORS,SWIFT,3
2024,October,RON,SUZUKI IG MOTORS,ALTO,29
2024,October,RON,SUZUKI IG MOTORS,SWIFT,5
2024,October,RON,SWABI MOTORS,ALTO,8
2024,October,RON,SWAT MOTORS,ALTO,17
2024,October,RON,SWAT MOTORS,SWIFT,1
2024,October,RON,TALAGANG MOTORS,ALTO,10
2024,October,RON,TALAGANG MOTORS,SWIFT,2
2024,October,RON,TAXILA MOTORS,ALTO,34
2024,October,RON,TAXILA MOTORS,SWIFT,1
2024,November,RON,ABBOTABAD MOTORS,ALTO,15
2024,November,RON,AZIM MOTORS,ALTO,19
2024,November,RON,BHAKKAR MOTORS,ALTO,21
2024,November,RON,BHAKKAR MOTORS,SWIFT,3
2024,November,RON,CAMPBELLPUR MOTORS,ALTO,8
2024,November,RON,CAMPBELLPUR MOTORS,SWIFT,1
2024,November,RON,CAPITAL MOTORS,ALTO,14
2024,November,RON,CAPITAL MOTORS,SWIFT,1
2024,November,RON,CENTRAL MOTORS,ALTO,30
2024,November,RON,CENTRAL MOTORS,SWIFT,11
2024,November,RON,CHARSADDA MOTORS,ALTO,10
2024,November,RON,DADYAL MOTORS,ALTO,11
2024,November,RON,FATEHJANG MOTORS,ALTO,12
2024,November,RON,FEDERAL MOTORS,ALTO,38
2024,November,RON,FEDERAL MOTORS,SWIFT,16
2024,November,RON,FRONTIER MOTORS,ALTO,11
2024,November,RON,G.T MOTORS,ALTO,12
2024,November,RON,G.T MOTORS,SWIFT,1
2024,November,RON,GUJAR KHAN MOTORS,ALTO,21
2024,November,RON,HARIPUR MOTORS,ALTO,7
2024,November,RON,HAZARA MOTORS,ALTO,6
2024,November,RON,HAZARA MOTORS,SWIFT,2
2024,November,RON,ISLAMABAD MOTORS,ALTO,43
2024,November,RON,ISLAMABAD MOTORS,SWIFT,9
2024,November,RON,JANI MOTORS,ALTO,13
2024,November,RON,JANI MOTORS,SWIFT,1
2024,November,RON,JHELUM RIVER MOTORS,ALTO,10
2024,November,RON,JHELUM RIVER MOTORS,SWIFT,5
2024,November,RON,KAZMI CORPORATION,ALTO,19
2024,November,RON,KAZMI CORPORATION,SWIFT,2
2024,November,RON,KHUSHAB MOTORS,ALTO,14
2024,November,RON,KHYBER MOTORS,ALTO,12
2024,November,RON,KHYBER MOTORS,SWIFT,1
2024,November,RON,KOHAT MOTORS,ALTO,11
2024,November,RON,KOHAT MOTORS,SWIFT,2
2024,November,RON,KOTLI MOTORS,ALTO,8
2024,November,RON,KOTLI MOTORS,SWIFT,3
2024,November,RON,MANDI BAHAUDDIN MOTORS,ALTO,13
2024,November,RON,MANDI BAHAUDDIN MOTORS,SWIFT,2
2024,November,RON,MANGLA AUTOS,ALTO,10
2024,November,RON,MANGLA AUTOS,SWIFT,1
2024,November,RON,MARDAN MOTORS,ALTO,20
2024,November,RON,MARDAN MOTORS,SWIFT,3
2024,November,RON,MUZAFFARABAD MOTORS,ALTO,15
2024,November,RON,MUZAFFARABAD MOTORS,SWIFT,3
2024,November,RON,NOWSHERA MOTORS,ALTO,10
2024,November,RON,NOWSHERA MOTORS,SWIFT,1
2024,November,RON,PESHAWAR MOTORS,ALTO,10
2024,November,RON,PESHAWAR MOTORS,SWIFT,1
2024,November,RON,RACECOURSE MOTORS,ALTO,35
2024,November,RON,RACECOURSE MOTORS,SWIFT,21
2024,November,RON,RAWAL MOTORS,ALTO,21
2024,November,RON,RAWAL MOTORS,SWIFT,6
2024,November,RON,SARWAR AUTOMOBILES,ALTO,12
2024,November,RON,SARWAR AUTOMOBILES,SWIFT,4
2024,November,RON,SHINWARI MOTORS,ALTO,15
2024,November,RON,SHINWARI MOTORS,SWIFT,4
2024,November,RON,SUZUKI IG MOTORS,ALTO,24
2024,November,RON,SUZUKI IG MOTORS,SWIFT,9
2024,November,RON,SWABI MOTORS,ALTO,4
2024,November,RON,SWABI MOTORS,SWIFT,1
2024,November,RON,SWAT MOTORS,ALTO,7
2024,November,RON,SWAT MOTORS,SWIFT,21
2024,November,RON,TALAGANG MOTORS,ALTO,5
2024,November,RON,TAXILA MOTORS,ALTO,25
2024,November,RON,TAXILA MOTORS,SWIFT,7
2024,December,RON,ABBOTABAD MOTORS,ALTO,15
2024,December,RON,ABBOTABAD MOTORS,SWIFT,1
2024,December,RON,AZIM MOTORS,ALTO,16
2024,December,RON,AZIM MOTORS,SWIFT,3
2024,December,RON,BHAKKAR MOTORS,ALTO,34
2024,December,RON,BHAKKAR MOTORS,SWIFT,2
2024,December,RON,CAMPBELLPUR MOTORS,ALTO,21
2024,December,RON,CAMPBELLPUR MOTORS,SWIFT,2
2024,December,RON,CAPITAL MOTORS,ALTO,18
2024,December,RON,CAPITAL MOTORS,SWIFT,3
2024,December,RON,CENTRAL MOTORS,ALTO,54
2024,December,RON,CENTRAL MOTORS,SWIFT,11
2024,December,RON,CHARSADDA MOTORS,ALTO,7
2024,December,RON,CHARSADDA MOTORS,SWIFT,2
2024,December,RON,DADYAL MOTORS,ALTO,6
2024,December,RON,FATEHJANG MOTORS,ALTO,19
2024,December,RON,FEDERAL MOTORS,ALTO,61
2024,December,RON,FEDERAL MOTORS,SWIFT,6
2024,December,RON,FRONTIER MOTORS,ALTO,12
2024,December,RON,G.T MOTORS,ALTO,13
2024,December,RON,G.T MOTORS,SWIFT,1
2024,December,RON,GUJAR KHAN MOTORS,ALTO,30
2024,December,RON,GUJAR KHAN MOTORS,SWIFT,2
2024,December,RON,HARIPUR MOTORS,ALTO,9
2024,December,RON,HARIPUR MOTORS,SWIFT,1
2024,December,RON,HAZARA MOTORS,ALTO,6
2024,December,RON,HAZARA MOTORS,SWIFT,2
2024,December,RON,ISLAMABAD MOTORS,ALTO,86
2024,December,RON,ISLAMABAD MOTORS,SWIFT,14
2024,December,RON,JANI MOTORS,ALTO,13
2024,December,RON,JHELUM RIVER MOTORS,ALTO,19
2024,December,RON,JHELUM RIVER MOTORS,SWIFT,2
2024,December,RON,KAZMI CORPORATION,ALTO,19
2024,December,RON,KAZMI CORPORATION,SWIFT,2
2024,December,RON,KHUSHAB MOTORS,ALTO,8
2024,December,RON,KHUSHAB MOTORS,SWIFT,1
2024,December,RON,KHYBER MOTORS,ALTO,19
2024,December,RON,KOHAT MOTORS,ALTO,7
2024,December,RON,KOTLI MOTORS,ALTO,11
2024,December,RON,MANDI BAHAUDDIN MOTORS,ALTO,15
2024,December,RON,MANDI BAHAUDDIN MOTORS,SWIFT,3
2024,December,RON,MANGLA AUTOS,ALTO,10
2024,December,RON,MANGLA AUTOS,SWIFT,1
2024,December,RON,MARDAN MOTORS,ALTO,28
2024,December,RON,MARDAN MOTORS,SWIFT,7
2024,December,RON,MUZAFFARABAD MOTORS,ALTO,22
2024,December,RON,MUZAFFARABAD MOTORS,SWIFT,3
2024,December,RON,NOWSHERA MOTORS,ALTO,16
2024,December,RON,PESHAWAR MOTORS,ALTO,14
2024,December,RON,RACECOURSE MOTORS,ALTO,89
2024,December,RON,RACECOURSE MOTORS,SWIFT,10
2024,December,RON,RAWAL MOTORS,ALTO,53
2024,December,RON,RAWAL MOTORS,SWIFT,9
2024,December,RON,SARWAR AUTOMOBILES,ALTO,18
2024,December,RON,SARWAR AUTOMOBILES,SWIFT,1
2024,December,RON,SHINWARI MOTORS,ALTO,27
2024,December,RON,SHINWARI MOTORS,SWIFT,12
2024,December,RON,SUZUKI IG MOTORS,ALTO,20
2024,December,RON,SUZUKI IG MOTORS,SWIFT,2
2024,December,RON,SWABI MOTORS,ALTO,9
2024,December,RON,SWABI MOTORS,SWIFT,1
2024,December,RON,SWAT MOTORS,ALTO,11
2024,December,RON,SWAT MOTORS,SWIFT,1
2024,December,RON,TALAGANG MOTORS,ALTO,10
2024,December,RON,TAXILA MOTORS,ALTO,38
2024,December,RON,TAXILA MOTORS,SWIFT,3
2025,January,RON,ABBOTABAD MOTORS,ALTO,14
2025,January,RON,ABBOTABAD MOTORS,SWIFT,2
2025,January,RON,AZIM MOTORS,ALTO,20
2025,January,RON,AZIM MOTORS,SWIFT,4
2025,January,RON,BHAKKAR MOTORS,ALTO,34
2025,January,RON,BHAKKAR MOTORS,SWIFT,4
2025,January,RON,CAMPBELLPUR MOTORS,ALTO,20
2025,January,RON,CAMPBELLPUR MOTORS,SWIFT,2
2025,January,RON,CAPITAL MOTORS,ALTO,31
2025,January,RON,CENTRAL MOTORS,ALTO,61
2025,January,RON,CENTRAL MOTORS,SWIFT,13
2025,January,RON,CHARSADDA MOTORS,ALTO,18
2025,January,RON,DADYAL MOTORS,ALTO,11
2025,January,RON,DADYAL MOTORS,SWIFT,1
2025,January,RON,FATEHJANG MOTORS,ALTO,25
2025,January,RON,FATEHJANG MOTORS,SWIFT,1
2025,January,RON,FEDERAL MOTORS,ALTO,56
2025,January,RON,FEDERAL MOTORS,SWIFT,8
2025,January,RON,FRONTIER MOTORS,ALTO,14
2025,January,RON,G.T MOTORS,ALTO,33
2025,January,RON,G.T MOTORS,SWIFT,8
2025,January,RON,GUJAR KHAN MOTORS,ALTO,41
2025,January,RON,GUJAR KHAN MOTORS,SWIFT,5
2025,January,RON,HARIPUR MOTORS,ALTO,19
2025,January,RON,HARIPUR MOTORS,SWIFT,1
2025,January,RON,HAZARA MOTORS,ALTO,11
2025,January,RON,HAZARA MOTORS,SWIFT,6
2025,January,RON,ISLAMABAD MOTORS,ALTO,61
2025,January,RON,ISLAMABAD MOTORS,SWIFT,18
2025,January,RON,JANI MOTORS,ALTO,26
2025,January,RON,JANI MOTORS,SWIFT,1
2025,January,RON,JHELUM RIVER MOTORS,ALTO,35
2025,January,RON,JHELUM RIVER MOTORS,SWIFT,2
2025,January,RON,KAZMI CORPORATION,ALTO,33
2025,January,RON,KAZMI CORPORATION,SWIFT,5
2025,January,RON,KHUSHAB MOTORS,ALTO,19
2025,January,RON,KHUSHAB MOTORS,SWIFT,1
2025,January,RON,KHYBER MOTORS,ALTO,26
2025,January,RON,KHYBER MOTORS,SWIFT,1
2025,January,RON,KOHAT MOTORS,ALTO,25
2025,January,RON,KOHAT MOTORS,SWIFT,1
2025,January,RON,KOTLI MOTORS,ALTO,12
2025,January,RON,MANDI BAHAUDDIN MOTORS,ALTO,24
2025,January,RON,MANDI BAHAUDDIN MOTORS,SWIFT,1
2025,January,RON,MANGLA AUTOS,ALTO,19
2025,January,RON,MANGLA AUTOS,SWIFT,1
2025,January,RON,MARDAN MOTORS,ALTO,24
2025,January,RON,MARDAN MOTORS,SWIFT,2
2025,January,RON,MUZAFFARABAD MOTORS,ALTO,28
2025,January,RON,MUZAFFARABAD MOTORS,SWIFT,5
2025,January,RON,NOWSHERA MOTORS,ALTO,22
2025,January,RON,NOWSHERA MOTORS,SWIFT,1
2025,January,RON,PESHAWAR MOTORS,ALTO,19
2025,January,RON,RACECOURSE MOTORS,ALTO,72
2025,January,RON,RACECOURSE MOTORS,SWIFT,18
2025,January,RON,RAWAL MOTORS,ALTO,44
2025,January,RON,RAWAL MOTORS,SWIFT,12
2025,January,RON,SARWAR AUTOMOBILES,ALTO,23
2025,January,RON,SARWAR AUTOMOBILES,SWIFT,6
2025,January,RON,SHINWARI MOTORS,ALTO,34
2025,January,RON,SHINWARI MOTORS,SWIFT,10
2025,January,RON,SUZUKI IG MOTORS,ALTO,47
2025,January,RON,SUZUKI IG MOTORS,SWIFT,2
2025,January,RON,SWABI MOTORS,ALTO,8
2025,January,RON,SWAT MOTORS,ALTO,16
2025,January,RON,SWAT MOTORS,SWIFT,1
2025,January,RON,TALAGANG MOTORS,ALTO,21
2025,January,RON,TALAGANG MOTORS,SWIFT,1
2025,January,RON,TAXILA MOTORS,ALTO,38
2025,January,RON,TAXILA MOTORS,SWIFT,3
2025,January,RON,TWIN CITY MOTORS,ALTO,1
2025,February,RON,ABBOTABAD MOTORS,ALTO,19
2025,February,RON,ABBOTABAD MOTORS,SWIFT,2
2025,February,RON,AZIM MOTORS,ALTO,22
2025,February,RON,AZIM MOTORS,SWIFT,2
2025,February,RON,BHAKKAR MOTORS,ALTO,34
2025,February,RON,BHAKKAR MOTORS,SWIFT,1
2025,February,RON,CAMPBELLPUR MOTORS,ALTO,16
2025,February,RON,CAPITAL MOTORS,ALTO,13
2025,February,RON,CAPITAL MOTORS,SWIFT,5
2025,February,RON,CENTRAL MOTORS,ALTO,46
2025,February,RON,CENTRAL MOTORS,SWIFT,11
2025,February,RON,CHARSADDA MOTORS,ALTO,10
2025,February,RON,CHARSADDA MOTORS,SWIFT,2
2025,February,RON,DADYAL MOTORS,ALTO,14
2025,February,RON,FATEHJANG MOTORS,ALTO,15
2025,February,RON,FATEHJANG MOTORS,SWIFT,1
2025,February,RON,FEDERAL MOTORS,ALTO,41
2025,February,RON,FEDERAL MOTORS,SWIFT,5
2025,February,RON,FRONTIER MOTORS,ALTO,8
2025,February,RON,FRONTIER MOTORS,SWIFT,4
2025,February,RON,G.T MOTORS,ALTO,18
2025,February,RON,G.T MOTORS,SWIFT,2
2025,February,RON,GUJAR KHAN MOTORS,ALTO,24
2025,February,RON,GUJAR KHAN MOTORS,SWIFT,3
2025,February,RON,HARIPUR MOTORS,ALTO,11
2025,February,RON,HARIPUR MOTORS,SWIFT,1
2025,February,RON,HAZARA MOTORS,ALTO,6
2025,February,RON,HAZARA MOTORS,SWIFT,3
2025,February,RON,ISLAMABAD MOTORS,ALTO,57
2025,February,RON,ISLAMABAD MOTORS,SWIFT,14
2025,February,RON,JANI MOTORS,ALTO,19
2025,February,RON,JANI MOTORS,SWIFT,1
2025,February,RON,JHELUM RIVER MOTORS,ALTO,28
2025,February,RON,JHELUM RIVER MOTORS,SWIFT,4
2025,February,RON,KAZMI CORPORATION,ALTO,23
2025,February,RON,KAZMI CORPORATION,SWIFT,2
2025,February,RON,KHUSHAB MOTORS,ALTO,19
2025,February,RON,KHYBER MOTORS,ALTO,13
2025,February,RON,KHYBER MOTORS,SWIFT,1
2025,February,RON,KOHAT MOTORS,ALTO,15
2025,February,RON,KOHAT MOTORS,SWIFT,1
2025,February,RON,KOTLI MOTORS,ALTO,9
2025,February,RON,KOTLI MOTORS,SWIFT,1
2025,February,RON,MANDI BAHAUDDIN MOTORS,ALTO,20
2025,February,RON,MANDI BAHAUDDIN MOTORS,SWIFT,3
2025,February,RON,MANGLA AUTOS,ALTO,14
2025,February,RON,MANGLA AUTOS,SWIFT,1
2025,February,RON,MARDAN MOTORS,ALTO,21
2025,February,RON,MARDAN MOTORS,SWIFT,3
2025,February,RON,MUZAFFARABAD MOTORS,ALTO,23
2025,February,RON,MUZAFFARABAD MOTORS,SWIFT,5
2025,February,RON,NOWSHERA MOTORS,ALTO,17
2025,February,RON,NOWSHERA MOTORS,SWIFT,1
2025,February,RON,PESHAWAR MOTORS,ALTO,12
2025,February,RON,RACECOURSE MOTORS,ALTO,59
2025,February,RON,RACECOURSE MOTORS,SWIFT,18
2025,February,RON,RAWAL MOTORS,ALTO,41
2025,February,RON,RAWAL MOTORS,SWIFT,1
2025,February,RON,SARWAR AUTOMOBILES,ALTO,16
2025,February,RON,SARWAR AUTOMOBILES,SWIFT,2
2025,February,RON,SHINWARI MOTORS,ALTO,17
2025,February,RON,SHINWARI MOTORS,SWIFT,6
2025,February,RON,SUZUKI IG MOTORS,ALTO,22
2025,February,RON,SUZUKI IG MOTORS,SWIFT,1
2025,February,RON,SWABI MOTORS,ALTO,4
2025,February,RON,SWAT MOTORS,ALTO,3
2025,February,RON,SWAT MOTORS,SWIFT,1
2025,February,RON,TALAGANG MOTORS,ALTO,10
2025,February,RON,TAXILA MOTORS,ALTO,20
2025,February,RON,TAXILA MOTORS,SWIFT,2
2025,February,RON,TWIN CITY MOTORS,ALTO,1
2025,March,RON,ABBOTABAD MOTORS,ALTO,8
2025,March,RON,ABBOTABAD MOTORS,SWIFT,2
2025,March,RON,AZIM MOTORS,ALTO,16
2025,March,RON,AZIM MOTORS,SWIFT,4
2025,March,RON,BHAKKAR MOTORS,ALTO,27
2025,March,RON,BHAKKAR MOTORS,SWIFT,1
2025,March,RON,CAMPBELLPUR MOTORS,ALTO,6
2025,March,RON,CAMPBELLPUR MOTORS,SWIFT,4
2025,March,RON,CAPITAL MOTORS,ALTO,8
2025,March,RON,CENTRAL MOTORS,ALTO,61
2025,March,RON,CENTRAL MOTORS,SWIFT,13
2025,March,RON,CHARSADDA MOTORS,ALTO,7
2025,March,RON,CHARSADDA MOTORS,SWIFT,2
2025,March,RON,DADYAL MOTORS,ALTO,5
2025,March,RON,DADYAL MOTORS,SWIFT,1
2025,March,RON,FATEHJANG MOTORS,ALTO,17
2025,March,RON,FATEHJANG MOTORS,SWIFT,2
2025,March,RON,FEDERAL MOTORS,ALTO,42
2025,March,RON,FEDERAL MOTORS,SWIFT,16
2025,March,RON,FRONTIER MOTORS,ALTO,13
2025,March,RON,FRONTIER MOTORS,SWIFT,1
2025,March,RON,G.T MOTORS,ALTO,14
2025,March,RON,GUJAR KHAN MOTORS,ALTO,34
2025,March,RON,GUJAR KHAN MOTORS,SWIFT,2
2025,March,RON,HARIPUR MOTORS,ALTO,6
2025,March,RON,HAZARA MOTORS,ALTO,20
2025,March,RON,HAZARA MOTORS,SWIFT,4
2025,March,RON,ISLAMABAD MOTORS,ALTO,48
2025,March,RON,ISLAMABAD MOTORS,SWIFT,9
2025,March,RON,JANI MOTORS,ALTO,8
2025,March,RON,JANI MOTORS,SWIFT,2
2025,March,RON,JHELUM RIVER MOTORS,ALTO,15
2025,March,RON,JHELUM RIVER MOTORS,SWIFT,1
2025,March,RON,KAZMI CORPORATION,ALTO,14
2025,March,RON,KAZMI CORPORATION,SWIFT,1
2025,March,RON,KHUSHAB MOTORS,ALTO,12
2025,March,RON,KHUSHAB MOTORS,SWIFT,6
2025,March,RON,KHYBER MOTORS,ALTO,10
2025,March,RON,KHYBER MOTORS,SWIFT,2
2025,March,RON,KOHAT MOTORS,ALTO,6
2025,March,RON,KOHAT MOTORS,SWIFT,1
2025,March,RON,KOTLI MOTORS,ALTO,9
2025,March,RON,MANDI BAHAUDDIN MOTORS,ALTO,11
2025,March,RON,MANGLA AUTOS,ALTO,13
2025,March,RON,MANGLA AUTOS,SWIFT,3
2025,March,RON,MARDAN MOTORS,ALTO,24
2025,March,RON,MARDAN MOTORS,SWIFT,1
2025,March,RON,MUZAFFARABAD MOTORS,ALTO,18
2025,March,RON,MUZAFFARABAD MOTORS,SWIFT,4
2025,March,RON,NOWSHERA MOTORS,ALTO,9
2025,March,RON,PESHAWAR MOTORS,ALTO,3
2025,March,RON,RACECOURSE MOTORS,ALTO,56
2025,March,RON,RACECOURSE MOTORS,SWIFT,12
2025,March,RON,RAWAL MOTORS,ALTO,27
2025,March,RON,RAWAL MOTORS,SWIFT,9
2025,March,RON,SARWAR AUTOMOBILES,ALTO,9
2025,March,RON,SARWAR AUTOMOBILES,SWIFT,2
2025,March,RON,SHINWARI MOTORS,ALTO,15
2025,March,RON,SHINWARI MOTORS,SWIFT,2
2025,March,RON,SUZUKI IG MOTORS,ALTO,14
2025,March,RON,SUZUKI IG MOTORS,SWIFT,4
2025,March,RON,SWABI MOTORS,ALTO,6
2025,March,RON,SWAT MOTORS,ALTO,25
2025,March,RON,SWAT MOTORS,SWIFT,2
2025,March,RON,TALAGANG MOTORS,ALTO,8
2025,March,RON,TAXILA MOTORS,ALTO,15
2025,March,RON,TAXILA MOTORS,SWIFT,1
2025,March,RON,TWIN CITY MOTORS,ALTO,13
2025,April,RON,ABBOTABAD MOTORS,ALTO,5
2025,April,RON,ABBOTABAD MOTORS,SWIFT,1
2025,April,RON,AZIM MOTORS,ALTO,8
2025,April,RON,BHAKKAR MOTORS,ALTO,10
2025,April,RON,BHAKKAR MOTORS,SWIFT,3
2025,April,RON,CAMPBELLPUR MOTORS,ALTO,9
2025,April,RON,CAPITAL MOTORS,ALTO,4
2025,April,RON,CAPITAL MOTORS,SWIFT,1
2025,April,RON,CENTRAL MOTORS,ALTO,34
2025,April,RON,CENTRAL MOTORS,SWIFT,4
2025,April,RON,CHARSADDA MOTORS,ALTO,4
2025,April,RON,CHARSADDA MOTORS,SWIFT,2
2025,April,RON,DADYAL MOTORS,ALTO,0
2025,April,RON,FATEHJANG MOTORS,ALTO,5
2025,April,RON,FATEHJANG MOTORS,SWIFT,3
2025,April,RON,FEDERAL MOTORS,ALTO,8
2025,April,RON,FRONTIER MOTORS,ALTO,6
2025,April,RON,G.T MOTORS,ALTO,3
2025,April,RON,GUJAR KHAN MOTORS,ALTO,12
2025,April,RON,GUJAR KHAN MOTORS,SWIFT,2
2025,April,RON,HARIPUR MOTORS,ALTO,4
2025,April,RON,HAZARA MOTORS,ALTO,2
2025,April,RON,ISLAMABAD MOTORS,ALTO,34
2025,April,RON,ISLAMABAD MOTORS,SWIFT,5
2025,April,RON,JANI MOTORS,ALTO,5
2025,April,RON,JHELUM RIVER MOTORS,ALTO,16
2025,April,RON,JHELUM RIVER MOTORS,SWIFT,1
2025,April,RON,KAZMI CORPORATION,ALTO,11
2025,April,RON,KHUSHAB MOTORS,ALTO,5
2025,April,RON,KHYBER MOTORS,ALTO,3
2025,April,RON,KOHAT MOTORS,ALTO,6
2025,April,RON,KOTLI MOTORS,ALTO,5
2025,April,RON,KOTLI MOTORS,SWIFT,3
2025,April,RON,MANDI BAHAUDDIN MOTORS,ALTO,4
2025,April,RON,MANGLA AUTOS,ALTO,1
2025,April,RON,MARDAN MOTORS,ALTO,11
2025,April,RON,MARDAN MOTORS,SWIFT,1
2025,April,RON,MUZAFFARABAD MOTORS,ALTO,11
2025,April,RON,MUZAFFARABAD MOTORS,SWIFT,2
2025,April,RON,NOWSHERA MOTORS,ALTO,9
2025,April,RON,PESHAWAR MOTORS,ALTO,2
2025,April,RON,RACECOURSE MOTORS,ALTO,19
2025,April,RON,RACECOURSE MOTORS,SWIFT,1
2025,April,RON,RAWAL MOTORS,ALTO,9
2025,April,RON,RAWAL MOTORS,SWIFT,1
2025,April,RON,SARWAR AUTOMOBILES,ALTO,4
2025,April,RON,SARWAR AUTOMOBILES,SWIFT,1
2025,April,RON,SHINWARI MOTORS,ALTO,6
2025,April,RON,SHINWARI MOTORS,SWIFT,2
2025,April,RON,SUZUKI IG MOTORS,ALTO,13
2025,April,RON,SWABI MOTORS,ALTO,3
2025,April,RON,SWAT MOTORS,ALTO,7
2025,April,RON,SWAT MOTORS,SWIFT,2
2025,April,RON,TALAGANG MOTORS,ALTO,6
2025,April,RON,TAXILA MOTORS,ALTO,9
2025,April,RON,TWIN CITY MOTORS,ALTO,7
2025,April,RON,TWIN CITY MOTORS,SWIFT,1
2025,May,RON,ABBOTABAD MOTORS,ALTO,9
2025,May,RON,AZIM MOTORS,ALTO,10
2025,May,RON,AZIM MOTORS,SWIFT,2
2025,May,RON,BHAKKAR MOTORS,ALTO,22
2025,May,RON,BHAKKAR MOTORS,SWIFT,1
2025,May,RON,CAMPBELLPUR MOTORS,ALTO,12
2025,May,RON,CAMPBELLPUR MOTORS,SWIFT,2
2025,May,RON,CAPITAL MOTORS,ALTO,16
2025,May,RON,CAPITAL MOTORS,SWIFT,2
2025,May,RON,CENTRAL MOTORS,ALTO,29
2025,May,RON,CENTRAL MOTORS,SWIFT,13
2025,May,RON,CHARSADDA MOTORS,ALTO,2
2025,May,RON,CHARSADDA MOTORS,SWIFT,1
2025,May,RON,DADYAL MOTORS,ALTO,8
2025,May,RON,FATEHJANG MOTORS,ALTO,13
2025,May,RON,FATEHJANG MOTORS,SWIFT,3
2025,May,RON,FEDERAL MOTORS,ALTO,34
2025,May,RON,FEDERAL MOTORS,SWIFT,6
2025,May,RON,FRONTIER MOTORS,ALTO,5
2025,May,RON,G.T MOTORS,ALTO,18
2025,May,RON,GUJAR KHAN MOTORS,ALTO,9
2025,May,RON,GUJAR KHAN MOTORS,SWIFT,1
2025,May,RON,HARIPUR MOTORS,ALTO,6
2025,May,RON,HARIPUR MOTORS,SWIFT,1
2025,May,RON,HAZARA MOTORS,ALTO,3
2025,May,RON,HAZARA MOTORS,SWIFT,1
2025,May,RON,ISLAMABAD MOTORS,ALTO,54
2025,May,RON,ISLAMABAD MOTORS,SWIFT,12
2025,May,RON,JANI MOTORS,ALTO,12
2025,May,RON,JHELUM RIVER MOTORS,ALTO,11
2025,May,RON,KAZMI CORPORATION,ALTO,12
2025,May,RON,KAZMI CORPORATION,SWIFT,1
2025,May,RON,KHUSHAB MOTORS,ALTO,7
2025,May,RON,KHUSHAB MOTORS,SWIFT,1
2025,May,RON,KHYBER MOTORS,ALTO,10
2025,May,RON,KOHAT MOTORS,ALTO,8
2025,May,RON,KOTLI MOTORS,ALTO,7
2025,May,RON,MANDI BAHAUDDIN MOTORS,ALTO,11
2025,May,RON,MANGLA AUTOS,ALTO,11
2025,May,RON,MARDAN MOTORS,ALTO,7
2025,May,RON,MUZAFFARABAD MOTORS,ALTO,8
2025,May,RON,MUZAFFARABAD MOTORS,SWIFT,2
2025,May,RON,NOWSHERA MOTORS,ALTO,11
2025,May,RON,PESHAWAR MOTORS,ALTO,19
2025,May,RON,PESHAWAR MOTORS,SWIFT,1
2025,May,RON,RACECOURSE MOTORS,ALTO,54
2025,May,RON,RACECOURSE MOTORS,SWIFT,5
2025,May,RON,RAWAL MOTORS,ALTO,21
2025,May,RON,SARWAR AUTOMOBILES,ALTO,11
2025,May,RON,SARWAR AUTOMOBILES,SWIFT,1
2025,May,RON,SHINWARI MOTORS,ALTO,15
2025,May,RON,SHINWARI MOTORS,SWIFT,6
2025,May,RON,SUZUKI IG MOTORS,ALTO,18
2025,May,RON,SUZUKI IG MOTORS,SWIFT,3
2025,May,RON,SWABI MOTORS,ALTO,1
2025,May,RON,SWABI MOTORS,SWIFT,2
2025,May,RON,SWAT MOTORS,ALTO,13
2025,May,RON,SWAT MOTORS,SWIFT,2
2025,May,RON,TALAGANG MOTORS,ALTO,5
2025,May,RON,TAXILA MOTORS,ALTO,20
2025,May,RON,TAXILA MOTORS,SWIFT,2
2025,May,RON,TWIN CITY MOTORS,ALTO,7
2025,May,RON,TWIN CITY MOTORS,SWIFT,2
2025,June,RON,ABBOTABAD MOTORS,ALTO,54
2025,June,RON,ABBOTABAD MOTORS,SWIFT,3
2025,June,RON,AZIM MOTORS,ALTO,53
2025,June,RON,AZIM MOTORS,SWIFT,7
2025,June,RON,BHAKKAR MOTORS,ALTO,106
2025,June,RON,BHAKKAR MOTORS,SWIFT,7
2025,June,RON,CAMPBELLPUR MOTORS,ALTO,63
2025,June,RON,CAMPBELLPUR MOTORS,SWIFT,3
2025,June,RON,CAPITAL MOTORS,ALTO,59
2025,June,RON,CAPITAL MOTORS,SWIFT,2
2025,June,RON,CENTRAL MOTORS,ALTO,159
2025,June,RON,CENTRAL MOTORS,SWIFT,33
2025,June,RON,CHARSADDA MOTORS,ALTO,22
2025,June,RON,CHARSADDA MOTORS,SWIFT,2
2025,June,RON,DADYAL MOTORS,ALTO,14
2025,June,RON,DADYAL MOTORS,SWIFT,1
2025,June,RON,FATEHJANG MOTORS,ALTO,63
2025,June,RON,FATEHJANG MOTORS,SWIFT,6
2025,June,RON,FEDERAL MOTORS,ALTO,135
2025,June,RON,FEDERAL MOTORS,SWIFT,36
2025,June,RON,FRONTIER MOTORS,ALTO,46
2025,June,RON,FRONTIER MOTORS,SWIFT,4
2025,June,RON,G.T MOTORS,ALTO,46
2025,June,RON,G.T MOTORS,SWIFT,4
2025,June,RON,GUJAR KHAN MOTORS,ALTO,106
2025,June,RON,GUJAR KHAN MOTORS,SWIFT,8
2025,June,RON,HARIPUR MOTORS,ALTO,31
2025,June,RON,HARIPUR MOTORS,SWIFT,4
2025,June,RON,HAZARA MOTORS,ALTO,31
2025,June,RON,HAZARA MOTORS,SWIFT,13
2025,June,RON,ISLAMABAD MOTORS,ALTO,245
2025,June,RON,ISLAMABAD MOTORS,SWIFT,37
2025,June,RON,JANI MOTORS,ALTO,51
2025,June,RON,JANI MOTORS,SWIFT,3
2025,June,RON,JHELUM RIVER MOTORS,ALTO,62
2025,June,RON,JHELUM RIVER MOTORS,SWIFT,8
2025,June,RON,KAZMI CORPORATION,ALTO,56
2025,June,RON,KAZMI CORPORATION,SWIFT,4
2025,June,RON,KHUSHAB MOTORS,ALTO,59
2025,June,RON,KHUSHAB MOTORS,SWIFT,9
2025,June,RON,KHYBER MOTORS,ALTO,43
2025,June,RON,KHYBER MOTORS,SWIFT,7
2025,June,RON,KOHAT MOTORS,ALTO,46
2025,June,RON,KOHAT MOTORS,SWIFT,5
2025,June,RON,KOTLI MOTORS,ALTO,24
2025,June,RON,KOTLI MOTORS,SWIFT,6
2025,June,RON,MANDI BAHAUDDIN MOTORS,ALTO,45
2025,June,RON,MANDI BAHAUDDIN MOTORS,SWIFT,8
2025,June,RON,MANGLA AUTOS,ALTO,37
2025,June,RON,MANGLA AUTOS,SWIFT,7
2025,June,RON,MARDAN MOTORS,ALTO,84
2025,June,RON,MARDAN MOTORS,SWIFT,8
2025,June,RON,MUZAFFARABAD MOTORS,ALTO,53
2025,June,RON,MUZAFFARABAD MOTORS,SWIFT,6
2025,June,RON,NOWSHERA MOTORS,ALTO,28
2025,June,RON,NOWSHERA MOTORS,SWIFT,1
2025,June,RON,PESHAWAR MOTORS,ALTO,17
2025,June,RON,PESHAWAR MOTORS,SWIFT,7
2025,June,RON,RACECOURSE MOTORS,ALTO,179
2025,June,RON,RACECOURSE MOTORS,SWIFT,37
2025,June,RON,RAWAL MOTORS,ALTO,135
2025,June,RON,RAWAL MOTORS,SWIFT,36
2025,June,RON,SARWAR AUTOMOBILES,ALTO,32
2025,June,RON,SARWAR AUTOMOBILES,SWIFT,10
2025,June,RON,SHINWARI MOTORS,ALTO,49
2025,June,RON,SHINWARI MOTORS,SWIFT,13
2025,June,RON,SUZUKI IG MOTORS,ALTO,89
2025,June,RON,SUZUKI IG MOTORS,SWIFT,13
2025,June,RON,SWABI MOTORS,ALTO,20
2025,June,RON,SWABI MOTORS,SWIFT,5
2025,June,RON,SWAT MOTORS,ALTO,34
2025,June,RON,SWAT MOTORS,SWIFT,19
2025,June,RON,TALAGANG MOTORS,ALTO,33
2025,June,RON,TALAGANG MOTORS,SWIFT,3
2025,June,RON,TAXILA MOTORS,ALTO,83
2025,June,RON,TAXILA MOTORS,SWIFT,11
2025,June,RON,TWIN CITY MOTORS,ALTO,56
2025,June,RON,TWIN CITY MOTORS,SWIFT,9
2025,July,RON,ABBOTABAD MOTORS,ALTO,10
2025,July,RON,ABBOTABAD MOTORS,SWIFT,2
2025,July,RON,AZIM MOTORS,ALTO,14
2025,July,RON,AZIM MOTORS,SWIFT,3
2025,July,RON,BHAKKAR MOTORS,ALTO,19
2025,July,RON,BHAKKAR MOTORS,SWIFT,1
2025,July,RON,CAMPBELLPUR MOTORS,ALTO,15
2025,July,RON,CAPITAL MOTORS,ALTO,21
2025,July,RON,CAPITAL MOTORS,SWIFT,2
2025,July,RON,CENTRAL MOTORS,ALTO,57
2025,July,RON,CENTRAL MOTORS,SWIFT,4
2025,July,RON,CHARSADDA MOTORS,ALTO,6
2025,July,RON,DADYAL MOTORS,ALTO,3
2025,July,RON,FATEHJANG MOTORS,ALTO,9
2025,July,RON,FATEHJANG MOTORS,SWIFT,1
2025,July,RON,FEDERAL MOTORS,ALTO,40
2025,July,RON,FEDERAL MOTORS,SWIFT,6
2025,July,RON,FRONTIER MOTORS,ALTO,12
2025,July,RON,FRONTIER MOTORS,SWIFT,1
2025,July,RON,G.T MOTORS,ALTO,19
2025,July,RON,G.T MOTORS,SWIFT,3
2025,July,RON,GUJAR KHAN MOTORS,ALTO,23
2025,July,RON,HARIPUR MOTORS,ALTO,16
2025,July,RON,HARIPUR MOTORS,SWIFT,1
2025,July,RON,HAZARA MOTORS,ALTO,7
2025,July,RON,HAZARA MOTORS,SWIFT,3
2025,July,RON,ISLAMABAD MOTORS,ALTO,41
2025,July,RON,ISLAMABAD MOTORS,SWIFT,10
2025,July,RON,JANI MOTORS,ALTO,14
2025,July,RON,JHELUM RIVER MOTORS,ALTO,12
2025,July,RON,JHELUM RIVER MOTORS,SWIFT,1
2025,July,RON,KAZMI CORPORATION,ALTO,17
2025,July,RON,KHUSHAB MOTORS,ALTO,10
2025,July,RON,KHYBER MOTORS,ALTO,11
2025,July,RON,KHYBER MOTORS,SWIFT,2
2025,July,RON,KOHAT MOTORS,ALTO,13
2025,July,RON,KOTLI MOTORS,ALTO,8
2025,July,RON,KOTLI MOTORS,SWIFT,1
2025,July,RON,MANDI BAHAUDDIN MOTORS,ALTO,4
2025,July,RON,MANGLA AUTOS,ALTO,10
2025,July,RON,MARDAN MOTORS,ALTO,14
2025,July,RON,MARDAN MOTORS,SWIFT,4
2025,July,RON,MUZAFFARABAD MOTORS,ALTO,8
2025,July,RON,NOWSHERA MOTORS,ALTO,11
2025,July,RON,NOWSHERA MOTORS,SWIFT,1
2025,July,RON,PESHAWAR MOTORS,ALTO,6
2025,July,RON,RACECOURSE MOTORS,ALTO,56
2025,July,RON,RACECOURSE MOTORS,SWIFT,7
2025,July,RON,RAWAL MOTORS,ALTO,29
2025,July,RON,RAWAL MOTORS,SWIFT,5
2025,July,RON,SARWAR AUTOMOBILES,ALTO,6
2025,July,RON,SARWAR AUTOMOBILES,SWIFT,3
2025,July,RON,SHINWARI MOTORS,ALTO,7
2025,July,RON,SUZUKI IG MOTORS,ALTO,19
2025,July,RON,SUZUKI IG MOTORS,SWIFT,3
2025,July,RON,SWABI MOTORS,ALTO,4
2025,July,RON,SWAT MOTORS,ALTO,11
2025,July,RON,SWAT MOTORS,SWIFT,3
2025,July,RON,TALAGANG MOTORS,ALTO,8
2025,July,RON,TALAGANG MOTORS,SWIFT,1
2025,July,RON,TAXILA MOTORS,ALTO,22
2025,July,RON,TWIN CITY MOTORS,ALTO,6
2025,July,RON,TWIN CITY MOTORS,SWIFT,2
2025,August,RON,ABBOTABAD MOTORS,ALTO,23
2025,August,RON,ABBOTABAD MOTORS,SWIFT,1
2025,August,RON,AZIM MOTORS,ALTO,19
2025,August,RON,AZIM MOTORS,SWIFT,4
2025,August,RON,BHAKKAR MOTORS,ALTO,43
2025,August,RON,BHAKKAR MOTORS,SWIFT,5
2025,August,RON,CAMPBELLPUR MOTORS,ALTO,21
2025,August,RON,CAMPBELLPUR MOTORS,SWIFT,3
2025,August,RON,CAPITAL MOTORS,ALTO,21
2025,August,RON,CAPITAL MOTORS,SWIFT,4
2025,August,RON,CENTRAL MOTORS,ALTO,56
2025,August,RON,CENTRAL MOTORS,SWIFT,31
2025,August,RON,CHARSADDA MOTORS,ALTO,3
2025,August,RON,CHARSADDA MOTORS,SWIFT,1
2025,August,RON,DADYAL MOTORS,ALTO,4
2025,August,RON,DADYAL MOTORS,SWIFT,1
2025,August,RON,FATEHJANG MOTORS,ALTO,31
2025,August,RON,FATEHJANG MOTORS,SWIFT,1
2025,August,RON,FEDERAL MOTORS,ALTO,45
2025,August,RON,FEDERAL MOTORS,SWIFT,21
2025,August,RON,FRONTIER MOTORS,ALTO,19
2025,August,RON,FRONTIER MOTORS,SWIFT,1
2025,August,RON,G.T MOTORS,ALTO,26
2025,August,RON,G.T MOTORS,SWIFT,11
2025,August,RON,GUJAR KHAN MOTORS,ALTO,25
2025,August,RON,GUJAR KHAN MOTORS,SWIFT,7
2025,August,RON,HARIPUR MOTORS,ALTO,16
2025,August,RON,HARIPUR MOTORS,SWIFT,2
2025,August,RON,HAZARA MOTORS,ALTO,9
2025,August,RON,HAZARA MOTORS,SWIFT,6
2025,August,RON,ISLAMABAD MOTORS,ALTO,85
2025,August,RON,ISLAMABAD MOTORS,SWIFT,40
2025,August,RON,JANI MOTORS,ALTO,24
2025,August,RON,JANI MOTORS,SWIFT,1
2025,August,RON,JHELUM RIVER MOTORS,ALTO,38
2025,August,RON,JHELUM RIVER MOTORS,SWIFT,3
2025,August,RON,KAZMI CORPORATION,ALTO,25
2025,August,RON,KAZMI CORPORATION,SWIFT,3
2025,August,RON,KHUSHAB MOTORS,ALTO,15
2025,August,RON,KHUSHAB MOTORS,SWIFT,1
2025,August,RON,KHYBER MOTORS,ALTO,22
2025,August,RON,KHYBER MOTORS,SWIFT,2
2025,August,RON,KOHAT MOTORS,ALTO,17
2025,August,RON,KOHAT MOTORS,SWIFT,2
2025,August,RON,KOTLI MOTORS,ALTO,15
2025,August,RON,KOTLI MOTORS,SWIFT,3
2025,August,RON,MANDI BAHAUDDIN MOTORS,ALTO,20
2025,August,RON,MANDI BAHAUDDIN MOTORS,SWIFT,2
2025,August,RON,MANGLA AUTOS,ALTO,9
2025,August,RON,MANGLA AUTOS,SWIFT,1
2025,August,RON,MARDAN MOTORS,ALTO,16
2025,August,RON,MARDAN MOTORS,SWIFT,2
2025,August,RON,MUZAFFARABAD MOTORS,ALTO,25
2025,August,RON,MUZAFFARABAD MOTORS,SWIFT,6
2025,August,RON,NOWSHERA MOTORS,ALTO,26
2025,August,RON,NOWSHERA MOTORS,SWIFT,2
2025,August,RON,PESHAWAR MOTORS,ALTO,6
2025,August,RON,PESHAWAR MOTORS,SWIFT,1
2025,August,RON,RACECOURSE MOTORS,ALTO,102
2025,August,RON,RACECOURSE MOTORS,SWIFT,38
2025,August,RON,RAWAL MOTORS,ALTO,37
2025,August,RON,RAWAL MOTORS,SWIFT,11
2025,August,RON,SARWAR AUTOMOBILES,ALTO,14
2025,August,RON,SARWAR AUTOMOBILES,SWIFT,1
2025,August,RON,SHINWARI MOTORS,ALTO,28
2025,August,RON,SHINWARI MOTORS,SWIFT,11
2025,August,RON,SUZUKI IG MOTORS,ALTO,23
2025,August,RON,SUZUKI IG MOTORS,SWIFT,7
2025,August,RON,SWABI MOTORS,ALTO,8
2025,August,RON,SWABI MOTORS,SWIFT,1
2025,August,RON,SWAT MOTORS,ALTO,18
2025,August,RON,SWAT MOTORS,SWIFT,3
2025,August,RON,TALAGANG MOTORS,ALTO,23
2025,August,RON,TAXILA MOTORS,ALTO,36
2025,August,RON,TAXILA MOTORS,SWIFT,10
2025,August,RON,TWIN CITY MOTORS,ALTO,23
2025,August,RON,TWIN CITY MOTORS,SWIFT,1
2025,September,RON,ABBOTABAD MOTORS,ALTO,11
2025,September,RON,ABBOTABAD MOTORS,SWIFT,5
2025,September,RON,AZIM MOTORS,ALTO,24
2025,September,RON,AZIM MOTORS,SWIFT,5
2025,September,RON,BHAKKAR MOTORS,ALTO,35
2025,September,RON,BHAKKAR MOTORS,SWIFT,5
2025,September,RON,CAMPBELLPUR MOTORS,ALTO,23
2025,September,RON,CAMPBELLPUR MOTORS,SWIFT,9
2025,September,RON,CAPITAL MOTORS,ALTO,29
2025,September,RON,CAPITAL MOTORS,SWIFT,9
2025,September,RON,CENTRAL MOTORS,ALTO,80
2025,September,RON,CENTRAL MOTORS,SWIFT,12
2025,September,RON,CHARSADDA MOTORS,ALTO,8
2025,September,RON,CHARSADDA MOTORS,SWIFT,1
2025,September,RON,DADYAL MOTORS,ALTO,1
2025,September,RON,DADYAL MOTORS,SWIFT,1
2025,September,RON,FATEHJANG MOTORS,ALTO,37
2025,September,RON,FATEHJANG MOTORS,SWIFT,4
2025,September,RON,FEDERAL MOTORS,ALTO,64
2025,September,RON,FEDERAL MOTORS,SWIFT,16
2025,September,RON,FRONTIER MOTORS,ALTO,20
2025,September,RON,FRONTIER MOTORS,SWIFT,4
2025,September,RON,G.T MOTORS,ALTO,10
2025,September,RON,G.T MOTORS,SWIFT,4
2025,September,RON,GUJAR KHAN MOTORS,ALTO,39
2025,September,RON,GUJAR KHAN MOTORS,SWIFT,3
2025,September,RON,HARIPUR MOTORS,ALTO,15
2025,September,RON,HARIPUR MOTORS,SWIFT,1
2025,September,RON,HAZARA MOTORS,ALTO,8
2025,September,RON,HAZARA MOTORS,SWIFT,7
2025,September,RON,ISLAMABAD MOTORS,ALTO,112
2025,September,RON,ISLAMABAD MOTORS,SWIFT,14
2025,September,RON,JANI MOTORS,ALTO,27
2025,September,RON,JANI MOTORS,SWIFT,-1
2025,September,RON,JHELUM RIVER MOTORS,ALTO,44
2025,September,RON,JHELUM RIVER MOTORS,SWIFT,5
2025,September,RON,KAZMI CORPORATION,ALTO,33
2025,September,RON,KAZMI CORPORATION,SWIFT,2
2025,September,RON,KHUSHAB MOTORS,ALTO,11
2025,September,RON,KHUSHAB MOTORS,SWIFT,3
2025,September,RON,KHYBER MOTORS,ALTO,19
2025,September,RON,KHYBER MOTORS,SWIFT,2
2025,September,RON,KOHAT MOTORS,ALTO,13
2025,September,RON,KOTLI MOTORS,ALTO,15
2025,September,RON,KOTLI MOTORS,SWIFT,3
2025,September,RON,MANDI BAHAUDDIN MOTORS,ALTO,15
2025,September,RON,MANDI BAHAUDDIN MOTORS,SWIFT,1
2025,September,RON,MANGLA AUTOS,ALTO,20
2025,September,RON,MANGLA AUTOS,SWIFT,1
2025,September,RON,MARDAN MOTORS,ALTO,19
2025,September,RON,MARDAN MOTORS,SWIFT,4
2025,September,RON,MUZAFFARABAD MOTORS,ALTO,24
2025,September,RON,MUZAFFARABAD MOTORS,SWIFT,1
2025,September,RON,NOWSHERA MOTORS,ALTO,28
2025,September,RON,NOWSHERA MOTORS,SWIFT,4
2025,September,RON,PESHAWAR MOTORS,ALTO,14
2025,September,RON,PESHAWAR MOTORS,SWIFT,1
2025,September,RON,RACECOURSE MOTORS,ALTO,99
2025,September,RON,RACECOURSE MOTORS,SWIFT,23
2025,September,RON,RAWAL MOTORS,ALTO,60
2025,September,RON,RAWAL MOTORS,SWIFT,6
2025,September,RON,SARWAR AUTOMOBILES,ALTO,16
2025,September,RON,SARWAR AUTOMOBILES,SWIFT,5
2025,September,RON,SHINWARI MOTORS,ALTO,33
2025,September,RON,SHINWARI MOTORS,SWIFT,10
2025,September,RON,SUZUKI IG MOTORS,ALTO,44
2025,September,RON,SUZUKI IG MOTORS,SWIFT,4
2025,September,RON,SWABI MOTORS,ALTO,6
2025,September,RON,SWABI MOTORS,SWIFT,5
2025,September,RON,SWAT MOTORS,ALTO,15
2025,September,RON,SWAT MOTORS,SWIFT,21
2025,September,RON,TALAGANG MOTORS,ALTO,15
2025,September,RON,TALAGANG MOTORS,SWIFT,1
2025,September,RON,TAXILA MOTORS,ALTO,37
2025,September,RON,TAXILA MOTORS,SWIFT,8
2025,September,RON,TWIN CITY MOTORS,ALTO,25
2025,October,RON,ABBOTABAD MOTORS,ALTO,4
2025,October,RON,ABBOTABAD MOTORS,SWIFT,1
2025,October,RON,AZIM MOTORS,ALTO,11
2025,October,RON,AZIM MOTORS,SWIFT,2
2025,October,RON,BHAKKAR MOTORS,ALTO,45
2025,October,RON,BHAKKAR MOTORS,SWIFT,6
2025,October,RON,CAMPBELLPUR MOTORS,ALTO,28
2025,October,RON,CAMPBELLPUR MOTORS,SWIFT,3
2025,October,RON,CAPITAL MOTORS,ALTO,49
2025,October,RON,CAPITAL MOTORS,SWIFT,9
2025,October,RON,CENTRAL MOTORS,ALTO,63
2025,October,RON,CENTRAL MOTORS,SWIFT,17
2025,October,RON,CHARSADDA MOTORS,ALTO,5
2025,October,RON,CHARSADDA MOTORS,SWIFT,1
2025,October,RON,DADYAL MOTORS,ALTO,2
2025,October,RON,FATEHJANG MOTORS,ALTO,27
2025,October,RON,FATEHJANG MOTORS,SWIFT,4
2025,October,RON,FEDERAL MOTORS,ALTO,53
2025,October,RON,FEDERAL MOTORS,SWIFT,10
2025,October,RON,FRONTIER MOTORS,ALTO,16
2025,October,RON,G.T MOTORS,ALTO,33
2025,October,RON,G.T MOTORS,SWIFT,4
2025,October,RON,GUJAR KHAN MOTORS,ALTO,40
2025,October,RON,GUJAR KHAN MOTORS,SWIFT,3
2025,October,RON,HARIPUR MOTORS,ALTO,12
2025,October,RON,HARIPUR MOTORS,SWIFT,1
2025,October,RON,HAZARA MOTORS,ALTO,10
2025,October,RON,HAZARA MOTORS,SWIFT,7
2025,October,RON,ISLAMABAD MOTORS,ALTO,71
2025,October,RON,ISLAMABAD MOTORS,SWIFT,18
2025,October,RON,JANI MOTORS,ALTO,16
2025,October,RON,JANI MOTORS,SWIFT,4
2025,October,RON,JHELUM RIVER MOTORS,ALTO,40
2025,October,RON,JHELUM RIVER MOTORS,SWIFT,5
2025,October,RON,KAZMI CORPORATION,ALTO,30
2025,October,RON,KAZMI CORPORATION,SWIFT,3
2025,October,RON,KHUSHAB MOTORS,ALTO,20
2025,October,RON,KHYBER MOTORS,ALTO,33
2025,October,RON,KHYBER MOTORS,SWIFT,1
2025,October,RON,KOHAT MOTORS,ALTO,13
2025,October,RON,KOHAT MOTORS,SWIFT,1
2025,October,RON,KOTLI MOTORS,ALTO,17
2025,October,RON,KOTLI MOTORS,SWIFT,3
2025,October,RON,MANDI BAHAUDDIN MOTORS,ALTO,29
2025,October,RON,MANDI BAHAUDDIN MOTORS,SWIFT,1
2025,October,RON,MANGLA AUTOS,ALTO,25
2025,October,RON,MANGLA AUTOS,SWIFT,1
2025,October,RON,MARDAN MOTORS,ALTO,24
2025,October,RON,MARDAN MOTORS,SWIFT,6
2025,October,RON,MUZAFFARABAD MOTORS,ALTO,21
2025,October,RON,MUZAFFARABAD MOTORS,SWIFT,4
2025,October,RON,NOWSHERA MOTORS,ALTO,23
2025,October,RON,NOWSHERA MOTORS,SWIFT,1
2025,October,RON,PESHAWAR MOTORS,ALTO,12
2025,October,RON,PESHAWAR MOTORS,SWIFT,2
2025,October,RON,POTOHAR MOTORS,ALTO,2
2025,October,RON,RACECOURSE MOTORS,ALTO,134
2025,October,RON,RACECOURSE MOTORS,SWIFT,15
2025,October,RON,RAWAL MOTORS,ALTO,50
2025,October,RON,RAWAL MOTORS,SWIFT,13
2025,October,RON,SARWAR AUTOMOBILES,ALTO,13
2025,October,RON,SARWAR AUTOMOBILES,SWIFT,1
2025,October,RON,SHINWARI MOTORS,ALTO,29
2025,October,RON,SHINWARI MOTORS,SWIFT,6
2025,October,RON,SUZUKI IG MOTORS,ALTO,36
2025,October,RON,SUZUKI IG MOTORS,SWIFT,6
2025,October,RON,SWABI MOTORS,ALTO,5
2025,October,RON,SWAT MOTORS,ALTO,22
2025,October,RON,SWAT MOTORS,SWIFT,2
2025,October,RON,TALAGANG MOTORS,ALTO,10
2025,October,RON,TALAGANG MOTORS,SWIFT,1
2025,October,RON,TAXILA MOTORS,ALTO,32
2025,October,RON,TAXILA MOTORS,SWIFT,8
2025,October,RON,TWIN CITY MOTORS,ALTO,27
2025,October,RON,TWIN CITY MOTORS,SWIFT,7
2025,November,RON,ABBOTABAD MOTORS,SWIFT,1
2025,November,RON,AZIM MOTORS,ALTO,14
2025,November,RON,AZIM MOTORS,SWIFT,16
2025,November,RON,BHAKKAR MOTORS,ALTO,31
2025,November,RON,BHAKKAR MOTORS,SWIFT,12
2025,November,RON,CAMPBELLPUR MOTORS,ALTO,18
2025,November,RON,CAMPBELLPUR MOTORS,SWIFT,4
2025,November,RON,CAPITAL MOTORS,ALTO,34
2025,November,RON,CAPITAL MOTORS,SWIFT,6
2025,November,RON,CENTRAL MOTORS,ALTO,51
2025,November,RON,CENTRAL MOTORS,SWIFT,22
2025,November,RON,CHARSADDA MOTORS,ALTO,4
2025,November,RON,CHARSADDA MOTORS,SWIFT,4
2025,November,RON,DADYAL MOTORS,ALTO,4
2025,November,RON,FATEHJANG MOTORS,ALTO,28
2025,November,RON,FATEHJANG MOTORS,SWIFT,5
2025,November,RON,FEDERAL MOTORS,ALTO,39
2025,November,RON,FEDERAL MOTORS,SWIFT,20
2025,November,RON,FRONTIER MOTORS,ALTO,17
2025,November,RON,FRONTIER MOTORS,SWIFT,4
2025,November,RON,G.T MOTORS,ALTO,23
2025,November,RON,G.T MOTORS,SWIFT,1
2025,November,RON,GUJAR KHAN MOTORS,ALTO,23
2025,November,RON,GUJAR KHAN MOTORS,SWIFT,6
2025,November,RON,HARIPUR MOTORS,ALTO,8
2025,November,RON,HARIPUR MOTORS,SWIFT,3
2025,November,RON,HAZARA MOTORS,ALTO,8
2025,November,RON,HAZARA MOTORS,SWIFT,3
2025,November,RON,ISLAMABAD MOTORS,ALTO,77
2025,November,RON,ISLAMABAD MOTORS,SWIFT,22
2025,November,RON,JANI MOTORS,ALTO,22
2025,November,RON,JANI MOTORS,SWIFT,2
2025,November,RON,JHELUM RIVER MOTORS,ALTO,37
2025,November,RON,JHELUM RIVER MOTORS,SWIFT,4
2025,November,RON,KAZMI CORPORATION,ALTO,22
2025,November,RON,KAZMI CORPORATION,SWIFT,5
2025,November,RON,KHUSHAB MOTORS,ALTO,11
2025,November,RON,KHUSHAB MOTORS,SWIFT,2
2025,November,RON,KHYBER MOTORS,ALTO,30
2025,November,RON,KHYBER MOTORS,SWIFT,3
2025,November,RON,KOHAT MOTORS,ALTO,11
2025,November,RON,KOHAT MOTORS,SWIFT,1
2025,November,RON,KOTLI MOTORS,ALTO,13
2025,November,RON,KOTLI MOTORS,SWIFT,3
2025,November,RON,MANDI BAHAUDDIN MOTORS,ALTO,18
2025,November,RON,MANDI BAHAUDDIN MOTORS,SWIFT,2
2025,November,RON,MANGLA AUTOS,ALTO,15
2025,November,RON,MANGLA AUTOS,SWIFT,4
2025,November,RON,MARDAN MOTORS,ALTO,31
2025,November,RON,MARDAN MOTORS,SWIFT,13
2025,November,RON,MUZAFFARABAD MOTORS,ALTO,23
2025,November,RON,NOWSHERA MOTORS,ALTO,12
2025,November,RON,NOWSHERA MOTORS,SWIFT,3
2025,November,RON,PESHAWAR MOTORS,ALTO,5
2025,November,RON,PESHAWAR MOTORS,SWIFT,2
2025,November,RON,POTOHAR MOTORS,ALTO,21
2025,November,RON,RACECOURSE MOTORS,ALTO,95
2025,November,RON,RACECOURSE MOTORS,SWIFT,46
2025,November,RON,RAWAL MOTORS,ALTO,37
2025,November,RON,RAWAL MOTORS,SWIFT,8
2025,November,RON,SARWAR AUTOMOBILES,ALTO,10
2025,November,RON,SARWAR AUTOMOBILES,SWIFT,4
2025,November,RON,SHINWARI MOTORS,ALTO,14
2025,November,RON,SHINWARI MOTORS,SWIFT,9
2025,November,RON,SUZUKI IG MOTORS,ALTO,30
2025,November,RON,SUZUKI IG MOTORS,SWIFT,7
2025,November,RON,SWABI MOTORS,ALTO,7
2025,November,RON,SWABI MOTORS,SWIFT,4
2025,November,RON,SWAT MOTORS,ALTO,14
2025,November,RON,SWAT MOTORS,SWIFT,12
2025,November,RON,TALAGANG MOTORS,ALTO,3
2025,November,RON,TALAGANG MOTORS,SWIFT,2
2025,November,RON,TAXILA MOTORS,ALTO,27
2025,November,RON,TAXILA MOTORS,SWIFT,12
2025,November,RON,TWIN CITY MOTORS,ALTO,21
2025,November,RON,TWIN CITY MOTORS,SWIFT,5
2025,December,RON,AZIM MOTORS,ALTO,22
2025,December,RON,AZIM MOTORS,SWIFT,3
2025,December,RON,BHAKKAR MOTORS,ALTO,30
2025,December,RON,BHAKKAR MOTORS,SWIFT,2
2025,December,RON,CAMPBELLPUR MOTORS,ALTO,21
2025,December,RON,CAMPBELLPUR MOTORS,SWIFT,3
2025,December,RON,CAPITAL MOTORS,ALTO,36
2025,December,RON,CAPITAL MOTORS,SWIFT,6
2025,December,RON,CENTRAL MOTORS,ALTO,66
2025,December,RON,CENTRAL MOTORS,SWIFT,22
2025,December,RON,CHARSADDA MOTORS,ALTO,7
2025,December,RON,CHARSADDA MOTORS,SWIFT,1
2025,December,RON,DADYAL MOTORS,ALTO,5
2025,December,RON,FATEHJANG MOTORS,ALTO,19
2025,December,RON,FATEHJANG MOTORS,SWIFT,1
2025,December,RON,FEDERAL MOTORS,ALTO,48
2025,December,RON,FEDERAL MOTORS,SWIFT,11
2025,December,RON,FRONTIER MOTORS,ALTO,19
2025,December,RON,FRONTIER MOTORS,SWIFT,1
2025,December,RON,G.T MOTORS,ALTO,17
2025,December,RON,G.T MOTORS,SWIFT,1
2025,December,RON,GUJAR KHAN MOTORS,ALTO,29
2025,December,RON,GUJAR KHAN MOTORS,SWIFT,3
2025,December,RON,HARIPUR MOTORS,ALTO,13
2025,December,RON,HARIPUR MOTORS,SWIFT,2
2025,December,RON,HAZARA MOTORS,ALTO,10
2025,December,RON,HAZARA MOTORS,SWIFT,1
2025,December,RON,ISLAMABAD MOTORS,ALTO,84
2025,December,RON,ISLAMABAD MOTORS,SWIFT,15
2025,December,RON,JANI MOTORS,ALTO,18
2025,December,RON,JANI MOTORS,SWIFT,4
2025,December,RON,JHELUM RIVER MOTORS,ALTO,20
2025,December,RON,JHELUM RIVER MOTORS,SWIFT,3
2025,December,RON,KAZMI CORPORATION,ALTO,17
2025,December,RON,KAZMI CORPORATION,SWIFT,3
2025,December,RON,KHUSHAB MOTORS,ALTO,17
2025,December,RON,KHUSHAB MOTORS,SWIFT,4
2025,December,RON,KHYBER MOTORS,ALTO,25
2025,December,RON,KHYBER MOTORS,SWIFT,1
2025,December,RON,KOHAT MOTORS,ALTO,12
2025,December,RON,KOHAT MOTORS,SWIFT,1
2025,December,RON,KOTLI MOTORS,ALTO,13
2025,December,RON,KOTLI MOTORS,SWIFT,4
2025,December,RON,MANDI BAHAUDDIN MOTORS,ALTO,21
2025,December,RON,MANDI BAHAUDDIN MOTORS,SWIFT,2
2025,December,RON,MANGLA AUTOS,ALTO,14
2025,December,RON,MANGLA AUTOS,SWIFT,1
2025,December,RON,MARDAN MOTORS,ALTO,11
2025,December,RON,MARDAN MOTORS,SWIFT,3
2025,December,RON,MUZAFFARABAD MOTORS,ALTO,12
2025,December,RON,MUZAFFARABAD MOTORS,SWIFT,3
2025,December,RON,NOWSHERA MOTORS,ALTO,16
2025,December,RON,NOWSHERA MOTORS,SWIFT,2
2025,December,RON,PESHAWAR MOTORS,ALTO,5
2025,December,RON,PESHAWAR MOTORS,SWIFT,1
2025,December,RON,POTOHAR MOTORS,ALTO,14
2025,December,RON,POTOHAR MOTORS,SWIFT,3
2025,December,RON,RACECOURSE MOTORS,ALTO,86
2025,December,RON,RACECOURSE MOTORS,SWIFT,28
2025,December,RON,RAWAL MOTORS,ALTO,24
2025,December,RON,RAWAL MOTORS,SWIFT,4
2025,December,RON,SARWAR AUTOMOBILES,ALTO,10
2025,December,RON,SARWAR AUTOMOBILES,SWIFT,3
2025,December,RON,SHINWARI MOTORS,ALTO,23
2025,December,RON,SHINWARI MOTORS,SWIFT,2
2025,December,RON,SUZUKI IG MOTORS,ALTO,31
2025,December,RON,SUZUKI IG MOTORS,SWIFT,5
2025,December,RON,SWABI MOTORS,ALTO,5
2025,December,RON,SWABI MOTORS,SWIFT,1
2025,December,RON,SWAT MOTORS,ALTO,16
2025,December,RON,SWAT MOTORS,SWIFT,10
2025,December,RON,TALAGANG MOTORS,ALTO,3
2025,December,RON,TALAGANG MOTORS,SWIFT,2
2025,December,RON,TAXILA MOTORS,ALTO,28
2025,December,RON,TAXILA MOTORS,SWIFT,10
2025,December,RON,TWIN CITY MOTORS,ALTO,20
2025,December,RON,TWIN CITY MOTORS,SWIFT,7
